dataset,run_directory,kernel,requested_epoch,source_validation_index,layer_i,layer_j,similarity
elasticity,/home/hwz/Transolver/LINEARNO/monitor/analysis/transolver_monitor_output_20260917_074049/LINEARNO/monitor/output/elasticity/20260916_194317_elasticity_Transolver_train,full,1,1,1,1,1
elasticity,/home/hwz/Transolver/LINEARNO/monitor/analysis/transolver_monitor_output_20260917_074049/LINEARNO/monitor/output/elasticity/20260916_194317_elasticity_Transolver_train,full,1,1,1,2,0.675902864
elasticity,/home/hwz/Transolver/LINEARNO/monitor/analysis/transolver_monitor_output_20260917_074049/LINEARNO/monitor/output/elasticity/20260916_194317_elasticity_Transolver_train,full,1,1,1,3,0.9999695905
elasticity,/home/hwz/Transolver/LINEARNO/monitor/analysis/transolver_monitor_output_20260917_074049/LINEARNO/monitor/output/elasticity/20260916_194317_elasticity_Transolver_train,full,1,1,1,4,0.9994308576
elasticity,/home/hwz/Transolver/LINEARNO/monitor/analysis/transolver_monitor_output_20260917_074049/LINEARNO/monitor/output/elasticity/20260916_194317_elasticity_Transolver_train,full,1,1,1,5,0.999998305
elasticity,/home/hwz/Transolver/LINEARNO/monitor/analysis/transolver_monitor_output_20260917_074049/LINEARNO/monitor/output/elasticity/20260916_194317_elasticity_Transolver_train,full,1,1,1,6,1
elasticity,/home/hwz/Transolver/LINEARNO/monitor/analysis/transolver_monitor_output_20260917_074049/LINEARNO/monitor/output/elasticity/20260916_194317_elasticity_Transolver_train,full,1,1,1,7,1
elasticity,/home/hwz/Transolver/LINEARNO/monitor/analysis/transolver_monitor_output_20260917_074049/LINEARNO/monitor/output/elasticity/20260916_194317_elasticity_Transolver_train,full,1,1,1,8,1
elasticity,/home/hwz/Transolver/LINEARNO/monitor/analysis/transolver_monitor_output_20260917_074049/LINEARNO/monitor/output/elasticity/20260916_194317_elasticity_Transolver_train,full,1,1,2,1,0.675902864
elasticity,/home/hwz/Transolver/LINEARNO/monitor/analysis/transolver_monitor_output_20260917_074049/LINEARNO/monitor/output/elasticity/20260916_194317_elasticity_Transolver_train,full,1,1,2,2,1
elasticity,/home/hwz/Transolver/LINEARNO/monitor/analysis/transolver_monitor_output_20260917_074049/LINEARNO/monitor/output/elasticity/20260916_194317_elasticity_Transolver_train,full,1,1,2,3,0.6777565069
elasticity,/home/hwz/Transolver/LINEARNO/monitor/analysis/transolver_monitor_output_20260917_074049/LINEARNO/monitor/output/elasticity/20260916_194317_elasticity_Transolver_train,full,1,1,2,4,0.6819939651
elasticity,/home/hwz/Transolver/LINEARNO/monitor/analysis/transolver_monitor_output_20260917_074049/LINEARNO/monitor/output/elasticity/20260916_194317_elasticity_Transolver_train,full,1,1,2,5,0.6770477071
elasticity,/home/hwz/Transolver/LINEARNO/monitor/analysis/transolver_monitor_output_20260917_074049/LINEARNO/monitor/output/elasticity/20260916_194317_elasticity_Transolver_train,full,1,1,2,6,0.675999932
elasticity,/home/hwz/Transolver/LINEARNO/monitor/analysis/transolver_monitor_output_20260917_074049/LINEARNO/monitor/output/elasticity/20260916_194317_elasticity_Transolver_train,full,1,1,2,7,0.6759043746
elasticity,/home/hwz/Transolver/LINEARNO/monitor/analysis/transolver_monitor_output_20260917_074049/LINEARNO/monitor/output/elasticity/20260916_194317_elasticity_Transolver_train,full,1,1,2,8,0.675902294
elasticity,/home/hwz/Transolver/LINEARNO/monitor/analysis/transolver_monitor_output_20260917_074049/LINEARNO/monitor/output/elasticity/20260916_194317_elasticity_Transolver_train,full,1,1,3,1,0.9999695905
elasticity,/home/hwz/Transolver/LINEARNO/monitor/analysis/transolver_monitor_output_20260917_074049/LINEARNO/monitor/output/elasticity/20260916_194317_elasticity_Transolver_train,full,1,1,3,2,0.6777565069
elasticity,/home/hwz/Transolver/LINEARNO/monitor/analysis/transolver_monitor_output_20260917_074049/LINEARNO/monitor/output/elasticity/20260916_194317_elasticity_Transolver_train,full,1,1,3,3,1
elasticity,/home/hwz/Transolver/LINEARNO/monitor/analysis/transolver_monitor_output_20260917_074049/LINEARNO/monitor/output/elasticity/20260916_194317_elasticity_Transolver_train,full,1,1,3,4,0.9996552076
elasticity,/home/hwz/Transolver/LINEARNO/monitor/analysis/transolver_monitor_output_20260917_074049/LINEARNO/monitor/output/elasticity/20260916_194317_elasticity_Transolver_train,full,1,1,3,5,0.9999781512
elasticity,/home/hwz/Transolver/LINEARNO/monitor/analysis/transolver_monitor_output_20260917_074049/LINEARNO/monitor/output/elasticity/20260916_194317_elasticity_Transolver_train,full,1,1,3,6,0.9999701343
elasticity,/home/hwz/Transolver/LINEARNO/monitor/analysis/transolver_monitor_output_20260917_074049/LINEARNO/monitor/output/elasticity/20260916_194317_elasticity_Transolver_train,full,1,1,3,7,0.9999694079
elasticity,/home/hwz/Transolver/LINEARNO/monitor/analysis/transolver_monitor_output_20260917_074049/LINEARNO/monitor/output/elasticity/20260916_194317_elasticity_Transolver_train,full,1,1,3,8,0.9999694675
elasticity,/home/hwz/Transolver/LINEARNO/monitor/analysis/transolver_monitor_output_20260917_074049/LINEARNO/monitor/output/elasticity/20260916_194317_elasticity_Transolver_train,full,1,1,4,1,0.9994308576
elasticity,/home/hwz/Transolver/LINEARNO/monitor/analysis/transolver_monitor_output_20260917_074049/LINEARNO/monitor/output/elasticity/20260916_194317_elasticity_Transolver_train,full,1,1,4,2,0.6819939651
elasticity,/home/hwz/Transolver/LINEARNO/monitor/analysis/transolver_monitor_output_20260917_074049/LINEARNO/monitor/output/elasticity/20260916_194317_elasticity_Transolver_train,full,1,1,4,3,0.9996552076
elasticity,/home/hwz/Transolver/LINEARNO/monitor/analysis/transolver_monitor_output_20260917_074049/LINEARNO/monitor/output/elasticity/20260916_194317_elasticity_Transolver_train,full,1,1,4,4,1
elasticity,/home/hwz/Transolver/LINEARNO/monitor/analysis/transolver_monitor_output_20260917_074049/LINEARNO/monitor/output/elasticity/20260916_194317_elasticity_Transolver_train,full,1,1,4,5,0.9994874224
elasticity,/home/hwz/Transolver/LINEARNO/monitor/analysis/transolver_monitor_output_20260917_074049/LINEARNO/monitor/output/elasticity/20260916_194317_elasticity_Transolver_train,full,1,1,4,6,0.9994367883
elasticity,/home/hwz/Transolver/LINEARNO/monitor/analysis/transolver_monitor_output_20260917_074049/LINEARNO/monitor/output/elasticity/20260916_194317_elasticity_Transolver_train,full,1,1,4,7,0.9994304776
elasticity,/home/hwz/Transolver/LINEARNO/monitor/analysis/transolver_monitor_output_20260917_074049/LINEARNO/monitor/output/elasticity/20260916_194317_elasticity_Transolver_train,full,1,1,4,8,0.9994304311
elasticity,/home/hwz/Transolver/LINEARNO/monitor/analysis/transolver_monitor_output_20260917_074049/LINEARNO/monitor/output/elasticity/20260916_194317_elasticity_Transolver_train,full,1,1,5,1,0.999998305
elasticity,/home/hwz/Transolver/LINEARNO/monitor/analysis/transolver_monitor_output_20260917_074049/LINEARNO/monitor/output/elasticity/20260916_194317_elasticity_Transolver_train,full,1,1,5,2,0.6770477071
elasticity,/home/hwz/Transolver/LINEARNO/monitor/analysis/transolver_monitor_output_20260917_074049/LINEARNO/monitor/output/elasticity/20260916_194317_elasticity_Transolver_train,full,1,1,5,3,0.9999781512
elasticity,/home/hwz/Transolver/LINEARNO/monitor/analysis/transolver_monitor_output_20260917_074049/LINEARNO/monitor/output/elasticity/20260916_194317_elasticity_Transolver_train,full,1,1,5,4,0.9994874224
elasticity,/home/hwz/Transolver/LINEARNO/monitor/analysis/transolver_monitor_output_20260917_074049/LINEARNO/monitor/output/elasticity/20260916_194317_elasticity_Transolver_train,full,1,1,5,5,1
elasticity,/home/hwz/Transolver/LINEARNO/monitor/analysis/transolver_monitor_output_20260917_074049/LINEARNO/monitor/output/elasticity/20260916_194317_elasticity_Transolver_train,full,1,1,5,6,0.9999992196
elasticity,/home/hwz/Transolver/LINEARNO/monitor/analysis/transolver_monitor_output_20260917_074049/LINEARNO/monitor/output/elasticity/20260916_194317_elasticity_Transolver_train,full,1,1,5,7,0.9999983311
elasticity,/home/hwz/Transolver/LINEARNO/monitor/analysis/transolver_monitor_output_20260917_074049/LINEARNO/monitor/output/elasticity/20260916_194317_elasticity_Transolver_train,full,1,1,5,8,0.9999983106
elasticity,/home/hwz/Transolver/LINEARNO/monitor/analysis/transolver_monitor_output_20260917_074049/LINEARNO/monitor/output/elasticity/20260916_194317_elasticity_Transolver_train,full,1,1,6,1,1
elasticity,/home/hwz/Transolver/LINEARNO/monitor/analysis/transolver_monitor_output_20260917_074049/LINEARNO/monitor/output/elasticity/20260916_194317_elasticity_Transolver_train,full,1,1,6,2,0.675999932
elasticity,/home/hwz/Transolver/LINEARNO/monitor/analysis/transolver_monitor_output_20260917_074049/LINEARNO/monitor/output/elasticity/20260916_194317_elasticity_Transolver_train,full,1,1,6,3,0.9999701343
elasticity,/home/hwz/Transolver/LINEARNO/monitor/analysis/transolver_monitor_output_20260917_074049/LINEARNO/monitor/output/elasticity/20260916_194317_elasticity_Transolver_train,full,1,1,6,4,0.9994367883
elasticity,/home/hwz/Transolver/LINEARNO/monitor/analysis/transolver_monitor_output_20260917_074049/LINEARNO/monitor/output/elasticity/20260916_194317_elasticity_Transolver_train,full,1,1,6,5,0.9999992196
elasticity,/home/hwz/Transolver/LINEARNO/monitor/analysis/transolver_monitor_output_20260917_074049/LINEARNO/monitor/output/elasticity/20260916_194317_elasticity_Transolver_train,full,1,1,6,6,1
elasticity,/home/hwz/Transolver/LINEARNO/monitor/analysis/transolver_monitor_output_20260917_074049/LINEARNO/monitor/output/elasticity/20260916_194317_elasticity_Transolver_train,full,1,1,6,7,1
elasticity,/home/hwz/Transolver/LINEARNO/monitor/analysis/transolver_monitor_output_20260917_074049/LINEARNO/monitor/output/elasticity/20260916_194317_elasticity_Transolver_train,full,1,1,6,8,1
elasticity,/home/hwz/Transolver/LINEARNO/monitor/analysis/transolver_monitor_output_20260917_074049/LINEARNO/monitor/output/elasticity/20260916_194317_elasticity_Transolver_train,full,1,1,7,1,1
elasticity,/home/hwz/Transolver/LINEARNO/monitor/analysis/transolver_monitor_output_20260917_074049/LINEARNO/monitor/output/elasticity/20260916_194317_elasticity_Transolver_train,full,1,1,7,2,0.6759043746
elasticity,/home/hwz/Transolver/LINEARNO/monitor/analysis/transolver_monitor_output_20260917_074049/LINEARNO/monitor/output/elasticity/20260916_194317_elasticity_Transolver_train,full,1,1,7,3,0.9999694079
elasticity,/home/hwz/Transolver/LINEARNO/monitor/analysis/transolver_monitor_output_20260917_074049/LINEARNO/monitor/output/elasticity/20260916_194317_elasticity_Transolver_train,full,1,1,7,4,0.9994304776
elasticity,/home/hwz/Transolver/LINEARNO/monitor/analysis/transolver_monitor_output_20260917_074049/LINEARNO/monitor/output/elasticity/20260916_194317_elasticity_Transolver_train,full,1,1,7,5,0.9999983311
elasticity,/home/hwz/Transolver/LINEARNO/monitor/analysis/transolver_monitor_output_20260917_074049/LINEARNO/monitor/output/elasticity/20260916_194317_elasticity_Transolver_train,full,1,1,7,6,1
elasticity,/home/hwz/Transolver/LINEARNO/monitor/analysis/transolver_monitor_output_20260917_074049/LINEARNO/monitor/output/elasticity/20260916_194317_elasticity_Transolver_train,full,1,1,7,7,1
elasticity,/home/hwz/Transolver/LINEARNO/monitor/analysis/transolver_monitor_output_20260917_074049/LINEARNO/monitor/output/elasticity/20260916_194317_elasticity_Transolver_train,full,1,1,7,8,1
elasticity,/home/hwz/Transolver/LINEARNO/monitor/analysis/transolver_monitor_output_20260917_074049/LINEARNO/monitor/output/elasticity/20260916_194317_elasticity_Transolver_train,full,1,1,8,1,1
elasticity,/home/hwz/Transolver/LINEARNO/monitor/analysis/transolver_monitor_output_20260917_074049/LINEARNO/monitor/output/elasticity/20260916_194317_elasticity_Transolver_train,full,1,1,8,2,0.675902294
elasticity,/home/hwz/Transolver/LINEARNO/monitor/analysis/transolver_monitor_output_20260917_074049/LINEARNO/monitor/output/elasticity/20260916_194317_elasticity_Transolver_train,full,1,1,8,3,0.9999694675
elasticity,/home/hwz/Transolver/LINEARNO/monitor/analysis/transolver_monitor_output_20260917_074049/LINEARNO/monitor/output/elasticity/20260916_194317_elasticity_Transolver_train,full,1,1,8,4,0.9994304311
elasticity,/home/hwz/Transolver/LINEARNO/monitor/analysis/transolver_monitor_output_20260917_074049/LINEARNO/monitor/output/elasticity/20260916_194317_elasticity_Transolver_train,full,1,1,8,5,0.9999983106
elasticity,/home/hwz/Transolver/LINEARNO/monitor/analysis/transolver_monitor_output_20260917_074049/LINEARNO/monitor/output/elasticity/20260916_194317_elasticity_Transolver_train,full,1,1,8,6,1
elasticity,/home/hwz/Transolver/LINEARNO/monitor/analysis/transolver_monitor_output_20260917_074049/LINEARNO/monitor/output/elasticity/20260916_194317_elasticity_Transolver_train,full,1,1,8,7,1
elasticity,/home/hwz/Transolver/LINEARNO/monitor/analysis/transolver_monitor_output_20260917_074049/LINEARNO/monitor/output/elasticity/20260916_194317_elasticity_Transolver_train,full,1,1,8,8,1
elasticity,/home/hwz/Transolver/LINEARNO/monitor/analysis/transolver_monitor_output_20260917_074049/LINEARNO/monitor/output/elasticity/20260916_194317_elasticity_Transolver_train,full,100,100,1,1,1
elasticity,/home/hwz/Transolver/LINEARNO/monitor/analysis/transolver_monitor_output_20260917_074049/LINEARNO/monitor/output/elasticity/20260916_194317_elasticity_Transolver_train,full,100,100,1,2,0.3428854503
elasticity,/home/hwz/Transolver/LINEARNO/monitor/analysis/transolver_monitor_output_20260917_074049/LINEARNO/monitor/output/elasticity/20260916_194317_elasticity_Transolver_train,full,100,100,1,3,0.7228612714
elasticity,/home/hwz/Transolver/LINEARNO/monitor/analysis/transolver_monitor_output_20260917_074049/LINEARNO/monitor/output/elasticity/20260916_194317_elasticity_Transolver_train,full,100,100,1,4,0.4684892581
elasticity,/home/hwz/Transolver/LINEARNO/monitor/analysis/transolver_monitor_output_20260917_074049/LINEARNO/monitor/output/elasticity/20260916_194317_elasticity_Transolver_train,full,100,100,1,5,0.2248003553
elasticity,/home/hwz/Transolver/LINEARNO/monitor/analysis/transolver_monitor_output_20260917_074049/LINEARNO/monitor/output/elasticity/20260916_194317_elasticity_Transolver_train,full,100,100,1,6,0.673401501
elasticity,/home/hwz/Transolver/LINEARNO/monitor/analysis/transolver_monitor_output_20260917_074049/LINEARNO/monitor/output/elasticity/20260916_194317_elasticity_Transolver_train,full,100,100,1,7,1
elasticity,/home/hwz/Transolver/LINEARNO/monitor/analysis/transolver_monitor_output_20260917_074049/LINEARNO/monitor/output/elasticity/20260916_194317_elasticity_Transolver_train,full,100,100,1,8,1
elasticity,/home/hwz/Transolver/LINEARNO/monitor/analysis/transolver_monitor_output_20260917_074049/LINEARNO/monitor/output/elasticity/20260916_194317_elasticity_Transolver_train,full,100,100,2,1,0.3428854503
elasticity,/home/hwz/Transolver/LINEARNO/monitor/analysis/transolver_monitor_output_20260917_074049/LINEARNO/monitor/output/elasticity/20260916_194317_elasticity_Transolver_train,full,100,100,2,2,1
elasticity,/home/hwz/Transolver/LINEARNO/monitor/analysis/transolver_monitor_output_20260917_074049/LINEARNO/monitor/output/elasticity/20260916_194317_elasticity_Transolver_train,full,100,100,2,3,0.3131880234
elasticity,/home/hwz/Transolver/LINEARNO/monitor/analysis/transolver_monitor_output_20260917_074049/LINEARNO/monitor/output/elasticity/20260916_194317_elasticity_Transolver_train,full,100,100,2,4,0.2777205143
elasticity,/home/hwz/Transolver/LINEARNO/monitor/analysis/transolver_monitor_output_20260917_074049/LINEARNO/monitor/output/elasticity/20260916_194317_elasticity_Transolver_train,full,100,100,2,5,0.1937131976
elasticity,/home/hwz/Transolver/LINEARNO/monitor/analysis/transolver_monitor_output_20260917_074049/LINEARNO/monitor/output/elasticity/20260916_194317_elasticity_Transolver_train,full,100,100,2,6,0.3610250131
elasticity,/home/hwz/Transolver/LINEARNO/monitor/analysis/transolver_monitor_output_20260917_074049/LINEARNO/monitor/output/elasticity/20260916_194317_elasticity_Transolver_train,full,100,100,2,7,0.3428756153
elasticity,/home/hwz/Transolver/LINEARNO/monitor/analysis/transolver_monitor_output_20260917_074049/LINEARNO/monitor/output/elasticity/20260916_194317_elasticity_Transolver_train,full,100,100,2,8,0.3428766702
elasticity,/home/hwz/Transolver/LINEARNO/monitor/analysis/transolver_monitor_output_20260917_074049/LINEARNO/monitor/output/elasticity/20260916_194317_elasticity_Transolver_train,full,100,100,3,1,0.7228612714
elasticity,/home/hwz/Transolver/LINEARNO/monitor/analysis/transolver_monitor_output_20260917_074049/LINEARNO/monitor/output/elasticity/20260916_194317_elasticity_Transolver_train,full,100,100,3,2,0.3131880234
elasticity,/home/hwz/Transolver/LINEARNO/monitor/analysis/transolver_monitor_output_20260917_074049/LINEARNO/monitor/output/elasticity/20260916_194317_elasticity_Transolver_train,full,100,100,3,3,1
elasticity,/home/hwz/Transolver/LINEARNO/monitor/analysis/transolver_monitor_output_20260917_074049/LINEARNO/monitor/output/elasticity/20260916_194317_elasticity_Transolver_train,full,100,100,3,4,0.485069317
elasticity,/home/hwz/Transolver/LINEARNO/monitor/analysis/transolver_monitor_output_20260917_074049/LINEARNO/monitor/output/elasticity/20260916_194317_elasticity_Transolver_train,full,100,100,3,5,0.2496903514
elasticity,/home/hwz/Transolver/LINEARNO/monitor/analysis/transolver_monitor_output_20260917_074049/LINEARNO/monitor/output/elasticity/20260916_194317_elasticity_Transolver_train,full,100,100,3,6,0.5602683891
elasticity,/home/hwz/Transolver/LINEARNO/monitor/analysis/transolver_monitor_output_20260917_074049/LINEARNO/monitor/output/elasticity/20260916_194317_elasticity_Transolver_train,full,100,100,3,7,0.7228622213
elasticity,/home/hwz/Transolver/LINEARNO/monitor/analysis/transolver_monitor_output_20260917_074049/LINEARNO/monitor/output/elasticity/20260916_194317_elasticity_Transolver_train,full,100,100,3,8,0.722861045
elasticity,/home/hwz/Transolver/LINEARNO/monitor/analysis/transolver_monitor_output_20260917_074049/LINEARNO/monitor/output/elasticity/20260916_194317_elasticity_Transolver_train,full,100,100,4,1,0.4684892581
elasticity,/home/hwz/Transolver/LINEARNO/monitor/analysis/transolver_monitor_output_20260917_074049/LINEARNO/monitor/output/elasticity/20260916_194317_elasticity_Transolver_train,full,100,100,4,2,0.2777205143
elasticity,/home/hwz/Transolver/LINEARNO/monitor/analysis/transolver_monitor_output_20260917_074049/LINEARNO/monitor/output/elasticity/20260916_194317_elasticity_Transolver_train,full,100,100,4,3,0.485069317
elasticity,/home/hwz/Transolver/LINEARNO/monitor/analysis/transolver_monitor_output_20260917_074049/LINEARNO/monitor/output/elasticity/20260916_194317_elasticity_Transolver_train,full,100,100,4,4,1
elasticity,/home/hwz/Transolver/LINEARNO/monitor/analysis/transolver_monitor_output_20260917_074049/LINEARNO/monitor/output/elasticity/20260916_194317_elasticity_Transolver_train,full,100,100,4,5,0.2185512226
elasticity,/home/hwz/Transolver/LINEARNO/monitor/analysis/transolver_monitor_output_20260917_074049/LINEARNO/monitor/output/elasticity/20260916_194317_elasticity_Transolver_train,full,100,100,4,6,0.4210147825
elasticity,/home/hwz/Transolver/LINEARNO/monitor/analysis/transolver_monitor_output_20260917_074049/LINEARNO/monitor/output/elasticity/20260916_194317_elasticity_Transolver_train,full,100,100,4,7,0.4684899938
elasticity,/home/hwz/Transolver/LINEARNO/monitor/analysis/transolver_monitor_output_20260917_074049/LINEARNO/monitor/output/elasticity/20260916_194317_elasticity_Transolver_train,full,100,100,4,8,0.4684911626
elasticity,/home/hwz/Transolver/LINEARNO/monitor/analysis/transolver_monitor_output_20260917_074049/LINEARNO/monitor/output/elasticity/20260916_194317_elasticity_Transolver_train,full,100,100,5,1,0.2248003553
elasticity,/home/hwz/Transolver/LINEARNO/monitor/analysis/transolver_monitor_output_20260917_074049/LINEARNO/monitor/output/elasticity/20260916_194317_elasticity_Transolver_train,full,100,100,5,2,0.1937131976
elasticity,/home/hwz/Transolver/LINEARNO/monitor/analysis/transolver_monitor_output_20260917_074049/LINEARNO/monitor/output/elasticity/20260916_194317_elasticity_Transolver_train,full,100,100,5,3,0.2496903514
elasticity,/home/hwz/Transolver/LINEARNO/monitor/analysis/transolver_monitor_output_20260917_074049/LINEARNO/monitor/output/elasticity/20260916_194317_elasticity_Transolver_train,full,100,100,5,4,0.2185512226
elasticity,/home/hwz/Transolver/LINEARNO/monitor/analysis/transolver_monitor_output_20260917_074049/LINEARNO/monitor/output/elasticity/20260916_194317_elasticity_Transolver_train,full,100,100,5,5,1
elasticity,/home/hwz/Transolver/LINEARNO/monitor/analysis/transolver_monitor_output_20260917_074049/LINEARNO/monitor/output/elasticity/20260916_194317_elasticity_Transolver_train,full,100,100,5,6,0.3302695006
elasticity,/home/hwz/Transolver/LINEARNO/monitor/analysis/transolver_monitor_output_20260917_074049/LINEARNO/monitor/output/elasticity/20260916_194317_elasticity_Transolver_train,full,100,100,5,7,0.224793012
elasticity,/home/hwz/Transolver/LINEARNO/monitor/analysis/transolver_monitor_output_20260917_074049/LINEARNO/monitor/output/elasticity/20260916_194317_elasticity_Transolver_train,full,100,100,5,8,0.2247966868
elasticity,/home/hwz/Transolver/LINEARNO/monitor/analysis/transolver_monitor_output_20260917_074049/LINEARNO/monitor/output/elasticity/20260916_194317_elasticity_Transolver_train,full,100,100,6,1,0.673401501
elasticity,/home/hwz/Transolver/LINEARNO/monitor/analysis/transolver_monitor_output_20260917_074049/LINEARNO/monitor/output/elasticity/20260916_194317_elasticity_Transolver_train,full,100,100,6,2,0.3610250131
elasticity,/home/hwz/Transolver/LINEARNO/monitor/analysis/transolver_monitor_output_20260917_074049/LINEARNO/monitor/output/elasticity/20260916_194317_elasticity_Transolver_train,full,100,100,6,3,0.5602683891
elasticity,/home/hwz/Transolver/LINEARNO/monitor/analysis/transolver_monitor_output_20260917_074049/LINEARNO/monitor/output/elasticity/20260916_194317_elasticity_Transolver_train,full,100,100,6,4,0.4210147825
elasticity,/home/hwz/Transolver/LINEARNO/monitor/analysis/transolver_monitor_output_20260917_074049/LINEARNO/monitor/output/elasticity/20260916_194317_elasticity_Transolver_train,full,100,100,6,5,0.3302695006
elasticity,/home/hwz/Transolver/LINEARNO/monitor/analysis/transolver_monitor_output_20260917_074049/LINEARNO/monitor/output/elasticity/20260916_194317_elasticity_Transolver_train,full,100,100,6,6,1
elasticity,/home/hwz/Transolver/LINEARNO/monitor/analysis/transolver_monitor_output_20260917_074049/LINEARNO/monitor/output/elasticity/20260916_194317_elasticity_Transolver_train,full,100,100,6,7,0.6733744303
elasticity,/home/hwz/Transolver/LINEARNO/monitor/analysis/transolver_monitor_output_20260917_074049/LINEARNO/monitor/output/elasticity/20260916_194317_elasticity_Transolver_train,full,100,100,6,8,0.6733765751
elasticity,/home/hwz/Transolver/LINEARNO/monitor/analysis/transolver_monitor_output_20260917_074049/LINEARNO/monitor/output/elasticity/20260916_194317_elasticity_Transolver_train,full,100,100,7,1,1
elasticity,/home/hwz/Transolver/LINEARNO/monitor/analysis/transolver_monitor_output_20260917_074049/LINEARNO/monitor/output/elasticity/20260916_194317_elasticity_Transolver_train,full,100,100,7,2,0.3428756153
elasticity,/home/hwz/Transolver/LINEARNO/monitor/analysis/transolver_monitor_output_20260917_074049/LINEARNO/monitor/output/elasticity/20260916_194317_elasticity_Transolver_train,full,100,100,7,3,0.7228622213
elasticity,/home/hwz/Transolver/LINEARNO/monitor/analysis/transolver_monitor_output_20260917_074049/LINEARNO/monitor/output/elasticity/20260916_194317_elasticity_Transolver_train,full,100,100,7,4,0.4684899938
elasticity,/home/hwz/Transolver/LINEARNO/monitor/analysis/transolver_monitor_output_20260917_074049/LINEARNO/monitor/output/elasticity/20260916_194317_elasticity_Transolver_train,full,100,100,7,5,0.224793012
elasticity,/home/hwz/Transolver/LINEARNO/monitor/analysis/transolver_monitor_output_20260917_074049/LINEARNO/monitor/output/elasticity/20260916_194317_elasticity_Transolver_train,full,100,100,7,6,0.6733744303
elasticity,/home/hwz/Transolver/LINEARNO/monitor/analysis/transolver_monitor_output_20260917_074049/LINEARNO/monitor/output/elasticity/20260916_194317_elasticity_Transolver_train,full,100,100,7,7,1
elasticity,/home/hwz/Transolver/LINEARNO/monitor/analysis/transolver_monitor_output_20260917_074049/LINEARNO/monitor/output/elasticity/20260916_194317_elasticity_Transolver_train,full,100,100,7,8,1
elasticity,/home/hwz/Transolver/LINEARNO/monitor/analysis/transolver_monitor_output_20260917_074049/LINEARNO/monitor/output/elasticity/20260916_194317_elasticity_Transolver_train,full,100,100,8,1,1
elasticity,/home/hwz/Transolver/LINEARNO/monitor/analysis/transolver_monitor_output_20260917_074049/LINEARNO/monitor/output/elasticity/20260916_194317_elasticity_Transolver_train,full,100,100,8,2,0.3428766702
elasticity,/home/hwz/Transolver/LINEARNO/monitor/analysis/transolver_monitor_output_20260917_074049/LINEARNO/monitor/output/elasticity/20260916_194317_elasticity_Transolver_train,full,100,100,8,3,0.722861045
elasticity,/home/hwz/Transolver/LINEARNO/monitor/analysis/transolver_monitor_output_20260917_074049/LINEARNO/monitor/output/elasticity/20260916_194317_elasticity_Transolver_train,full,100,100,8,4,0.4684911626
elasticity,/home/hwz/Transolver/LINEARNO/monitor/analysis/transolver_monitor_output_20260917_074049/LINEARNO/monitor/output/elasticity/20260916_194317_elasticity_Transolver_train,full,100,100,8,5,0.2247966868
elasticity,/home/hwz/Transolver/LINEARNO/monitor/analysis/transolver_monitor_output_20260917_074049/LINEARNO/monitor/output/elasticity/20260916_194317_elasticity_Transolver_train,full,100,100,8,6,0.6733765751
elasticity,/home/hwz/Transolver/LINEARNO/monitor/analysis/transolver_monitor_output_20260917_074049/LINEARNO/monitor/output/elasticity/20260916_194317_elasticity_Transolver_train,full,100,100,8,7,1
elasticity,/home/hwz/Transolver/LINEARNO/monitor/analysis/transolver_monitor_output_20260917_074049/LINEARNO/monitor/output/elasticity/20260916_194317_elasticity_Transolver_train,full,100,100,8,8,1
elasticity,/home/hwz/Transolver/LINEARNO/monitor/analysis/transolver_monitor_output_20260917_074049/LINEARNO/monitor/output/elasticity/20260916_194317_elasticity_Transolver_train,full,200,200,1,1,1
elasticity,/home/hwz/Transolver/LINEARNO/monitor/analysis/transolver_monitor_output_20260917_074049/LINEARNO/monitor/output/elasticity/20260916_194317_elasticity_Transolver_train,full,200,200,1,2,0.2596542591
elasticity,/home/hwz/Transolver/LINEARNO/monitor/analysis/transolver_monitor_output_20260917_074049/LINEARNO/monitor/output/elasticity/20260916_194317_elasticity_Transolver_train,full,200,200,1,3,0.7060524579
elasticity,/home/hwz/Transolver/LINEARNO/monitor/analysis/transolver_monitor_output_20260917_074049/LINEARNO/monitor/output/elasticity/20260916_194317_elasticity_Transolver_train,full,200,200,1,4,0.4654884851
elasticity,/home/hwz/Transolver/LINEARNO/monitor/analysis/transolver_monitor_output_20260917_074049/LINEARNO/monitor/output/elasticity/20260916_194317_elasticity_Transolver_train,full,200,200,1,5,0.2179566182
elasticity,/home/hwz/Transolver/LINEARNO/monitor/analysis/transolver_monitor_output_20260917_074049/LINEARNO/monitor/output/elasticity/20260916_194317_elasticity_Transolver_train,full,200,200,1,6,0.6577993026
elasticity,/home/hwz/Transolver/LINEARNO/monitor/analysis/transolver_monitor_output_20260917_074049/LINEARNO/monitor/output/elasticity/20260916_194317_elasticity_Transolver_train,full,200,200,1,7,1
elasticity,/home/hwz/Transolver/LINEARNO/monitor/analysis/transolver_monitor_output_20260917_074049/LINEARNO/monitor/output/elasticity/20260916_194317_elasticity_Transolver_train,full,200,200,1,8,1
elasticity,/home/hwz/Transolver/LINEARNO/monitor/analysis/transolver_monitor_output_20260917_074049/LINEARNO/monitor/output/elasticity/20260916_194317_elasticity_Transolver_train,full,200,200,2,1,0.2596542591
elasticity,/home/hwz/Transolver/LINEARNO/monitor/analysis/transolver_monitor_output_20260917_074049/LINEARNO/monitor/output/elasticity/20260916_194317_elasticity_Transolver_train,full,200,200,2,2,1
elasticity,/home/hwz/Transolver/LINEARNO/monitor/analysis/transolver_monitor_output_20260917_074049/LINEARNO/monitor/output/elasticity/20260916_194317_elasticity_Transolver_train,full,200,200,2,3,0.2650050411
elasticity,/home/hwz/Transolver/LINEARNO/monitor/analysis/transolver_monitor_output_20260917_074049/LINEARNO/monitor/output/elasticity/20260916_194317_elasticity_Transolver_train,full,200,200,2,4,0.224579143
elasticity,/home/hwz/Transolver/LINEARNO/monitor/analysis/transolver_monitor_output_20260917_074049/LINEARNO/monitor/output/elasticity/20260916_194317_elasticity_Transolver_train,full,200,200,2,5,0.1540756072
elasticity,/home/hwz/Transolver/LINEARNO/monitor/analysis/transolver_monitor_output_20260917_074049/LINEARNO/monitor/output/elasticity/20260916_194317_elasticity_Transolver_train,full,200,200,2,6,0.3028897031
elasticity,/home/hwz/Transolver/LINEARNO/monitor/analysis/transolver_monitor_output_20260917_074049/LINEARNO/monitor/output/elasticity/20260916_194317_elasticity_Transolver_train,full,200,200,2,7,0.2596532413
elasticity,/home/hwz/Transolver/LINEARNO/monitor/analysis/transolver_monitor_output_20260917_074049/LINEARNO/monitor/output/elasticity/20260916_194317_elasticity_Transolver_train,full,200,200,2,8,0.2596537011
elasticity,/home/hwz/Transolver/LINEARNO/monitor/analysis/transolver_monitor_output_20260917_074049/LINEARNO/monitor/output/elasticity/20260916_194317_elasticity_Transolver_train,full,200,200,3,1,0.7060524579
elasticity,/home/hwz/Transolver/LINEARNO/monitor/analysis/transolver_monitor_output_20260917_074049/LINEARNO/monitor/output/elasticity/20260916_194317_elasticity_Transolver_train,full,200,200,3,2,0.2650050411
elasticity,/home/hwz/Transolver/LINEARNO/monitor/analysis/transolver_monitor_output_20260917_074049/LINEARNO/monitor/output/elasticity/20260916_194317_elasticity_Transolver_train,full,200,200,3,3,1
elasticity,/home/hwz/Transolver/LINEARNO/monitor/analysis/transolver_monitor_output_20260917_074049/LINEARNO/monitor/output/elasticity/20260916_194317_elasticity_Transolver_train,full,200,200,3,4,0.4942883446
elasticity,/home/hwz/Transolver/LINEARNO/monitor/analysis/transolver_monitor_output_20260917_074049/LINEARNO/monitor/output/elasticity/20260916_194317_elasticity_Transolver_train,full,200,200,3,5,0.2395806545
elasticity,/home/hwz/Transolver/LINEARNO/monitor/analysis/transolver_monitor_output_20260917_074049/LINEARNO/monitor/output/elasticity/20260916_194317_elasticity_Transolver_train,full,200,200,3,6,0.5459531983
elasticity,/home/hwz/Transolver/LINEARNO/monitor/analysis/transolver_monitor_output_20260917_074049/LINEARNO/monitor/output/elasticity/20260916_194317_elasticity_Transolver_train,full,200,200,3,7,0.706053311
elasticity,/home/hwz/Transolver/LINEARNO/monitor/analysis/transolver_monitor_output_20260917_074049/LINEARNO/monitor/output/elasticity/20260916_194317_elasticity_Transolver_train,full,200,200,3,8,0.7060528761
elasticity,/home/hwz/Transolver/LINEARNO/monitor/analysis/transolver_monitor_output_20260917_074049/LINEARNO/monitor/output/elasticity/20260916_194317_elasticity_Transolver_train,full,200,200,4,1,0.4654884851
elasticity,/home/hwz/Transolver/LINEARNO/monitor/analysis/transolver_monitor_output_20260917_074049/LINEARNO/monitor/output/elasticity/20260916_194317_elasticity_Transolver_train,full,200,200,4,2,0.224579143
elasticity,/home/hwz/Transolver/LINEARNO/monitor/analysis/transolver_monitor_output_20260917_074049/LINEARNO/monitor/output/elasticity/20260916_194317_elasticity_Transolver_train,full,200,200,4,3,0.4942883446
elasticity,/home/hwz/Transolver/LINEARNO/monitor/analysis/transolver_monitor_output_20260917_074049/LINEARNO/monitor/output/elasticity/20260916_194317_elasticity_Transolver_train,full,200,200,4,4,1
elasticity,/home/hwz/Transolver/LINEARNO/monitor/analysis/transolver_monitor_output_20260917_074049/LINEARNO/monitor/output/elasticity/20260916_194317_elasticity_Transolver_train,full,200,200,4,5,0.2113361661
elasticity,/home/hwz/Transolver/LINEARNO/monitor/analysis/transolver_monitor_output_20260917_074049/LINEARNO/monitor/output/elasticity/20260916_194317_elasticity_Transolver_train,full,200,200,4,6,0.4179271855
elasticity,/home/hwz/Transolver/LINEARNO/monitor/analysis/transolver_monitor_output_20260917_074049/LINEARNO/monitor/output/elasticity/20260916_194317_elasticity_Transolver_train,full,200,200,4,7,0.4654878513
elasticity,/home/hwz/Transolver/LINEARNO/monitor/analysis/transolver_monitor_output_20260917_074049/LINEARNO/monitor/output/elasticity/20260916_194317_elasticity_Transolver_train,full,200,200,4,8,0.4654890033
elasticity,/home/hwz/Transolver/LINEARNO/monitor/analysis/transolver_monitor_output_20260917_074049/LINEARNO/monitor/output/elasticity/20260916_194317_elasticity_Transolver_train,full,200,200,5,1,0.2179566182
elasticity,/home/hwz/Transolver/LINEARNO/monitor/analysis/transolver_monitor_output_20260917_074049/LINEARNO/monitor/output/elasticity/20260916_194317_elasticity_Transolver_train,full,200,200,5,2,0.1540756072
elasticity,/home/hwz/Transolver/LINEARNO/monitor/analysis/transolver_monitor_output_20260917_074049/LINEARNO/monitor/output/elasticity/20260916_194317_elasticity_Transolver_train,full,200,200,5,3,0.2395806545
elasticity,/home/hwz/Transolver/LINEARNO/monitor/analysis/transolver_monitor_output_20260917_074049/LINEARNO/monitor/output/elasticity/20260916_194317_elasticity_Transolver_train,full,200,200,5,4,0.2113361661
elasticity,/home/hwz/Transolver/LINEARNO/monitor/analysis/transolver_monitor_output_20260917_074049/LINEARNO/monitor/output/elasticity/20260916_194317_elasticity_Transolver_train,full,200,200,5,5,1
elasticity,/home/hwz/Transolver/LINEARNO/monitor/analysis/transolver_monitor_output_20260917_074049/LINEARNO/monitor/output/elasticity/20260916_194317_elasticity_Transolver_train,full,200,200,5,6,0.3372456422
elasticity,/home/hwz/Transolver/LINEARNO/monitor/analysis/transolver_monitor_output_20260917_074049/LINEARNO/monitor/output/elasticity/20260916_194317_elasticity_Transolver_train,full,200,200,5,7,0.2179500808
elasticity,/home/hwz/Transolver/LINEARNO/monitor/analysis/transolver_monitor_output_20260917_074049/LINEARNO/monitor/output/elasticity/20260916_194317_elasticity_Transolver_train,full,200,200,5,8,0.2179533348
elasticity,/home/hwz/Transolver/LINEARNO/monitor/analysis/transolver_monitor_output_20260917_074049/LINEARNO/monitor/output/elasticity/20260916_194317_elasticity_Transolver_train,full,200,200,6,1,0.6577993026
elasticity,/home/hwz/Transolver/LINEARNO/monitor/analysis/transolver_monitor_output_20260917_074049/LINEARNO/monitor/output/elasticity/20260916_194317_elasticity_Transolver_train,full,200,200,6,2,0.3028897031
elasticity,/home/hwz/Transolver/LINEARNO/monitor/analysis/transolver_monitor_output_20260917_074049/LINEARNO/monitor/output/elasticity/20260916_194317_elasticity_Transolver_train,full,200,200,6,3,0.5459531983
elasticity,/home/hwz/Transolver/LINEARNO/monitor/analysis/transolver_monitor_output_20260917_074049/LINEARNO/monitor/output/elasticity/20260916_194317_elasticity_Transolver_train,full,200,200,6,4,0.4179271855
elasticity,/home/hwz/Transolver/LINEARNO/monitor/analysis/transolver_monitor_output_20260917_074049/LINEARNO/monitor/output/elasticity/20260916_194317_elasticity_Transolver_train,full,200,200,6,5,0.3372456422
elasticity,/home/hwz/Transolver/LINEARNO/monitor/analysis/transolver_monitor_output_20260917_074049/LINEARNO/monitor/output/elasticity/20260916_194317_elasticity_Transolver_train,full,200,200,6,6,1
elasticity,/home/hwz/Transolver/LINEARNO/monitor/analysis/transolver_monitor_output_20260917_074049/LINEARNO/monitor/output/elasticity/20260916_194317_elasticity_Transolver_train,full,200,200,6,7,0.6577942427
elasticity,/home/hwz/Transolver/LINEARNO/monitor/analysis/transolver_monitor_output_20260917_074049/LINEARNO/monitor/output/elasticity/20260916_194317_elasticity_Transolver_train,full,200,200,6,8,0.6577967554
elasticity,/home/hwz/Transolver/LINEARNO/monitor/analysis/transolver_monitor_output_20260917_074049/LINEARNO/monitor/output/elasticity/20260916_194317_elasticity_Transolver_train,full,200,200,7,1,1
elasticity,/home/hwz/Transolver/LINEARNO/monitor/analysis/transolver_monitor_output_20260917_074049/LINEARNO/monitor/output/elasticity/20260916_194317_elasticity_Transolver_train,full,200,200,7,2,0.2596532413
elasticity,/home/hwz/Transolver/LINEARNO/monitor/analysis/transolver_monitor_output_20260917_074049/LINEARNO/monitor/output/elasticity/20260916_194317_elasticity_Transolver_train,full,200,200,7,3,0.706053311
elasticity,/home/hwz/Transolver/LINEARNO/monitor/analysis/transolver_monitor_output_20260917_074049/LINEARNO/monitor/output/elasticity/20260916_194317_elasticity_Transolver_train,full,200,200,7,4,0.4654878513
elasticity,/home/hwz/Transolver/LINEARNO/monitor/analysis/transolver_monitor_output_20260917_074049/LINEARNO/monitor/output/elasticity/20260916_194317_elasticity_Transolver_train,full,200,200,7,5,0.2179500808
elasticity,/home/hwz/Transolver/LINEARNO/monitor/analysis/transolver_monitor_output_20260917_074049/LINEARNO/monitor/output/elasticity/20260916_194317_elasticity_Transolver_train,full,200,200,7,6,0.6577942427
elasticity,/home/hwz/Transolver/LINEARNO/monitor/analysis/transolver_monitor_output_20260917_074049/LINEARNO/monitor/output/elasticity/20260916_194317_elasticity_Transolver_train,full,200,200,7,7,1
elasticity,/home/hwz/Transolver/LINEARNO/monitor/analysis/transolver_monitor_output_20260917_074049/LINEARNO/monitor/output/elasticity/20260916_194317_elasticity_Transolver_train,full,200,200,7,8,1
elasticity,/home/hwz/Transolver/LINEARNO/monitor/analysis/transolver_monitor_output_20260917_074049/LINEARNO/monitor/output/elasticity/20260916_194317_elasticity_Transolver_train,full,200,200,8,1,1
elasticity,/home/hwz/Transolver/LINEARNO/monitor/analysis/transolver_monitor_output_20260917_074049/LINEARNO/monitor/output/elasticity/20260916_194317_elasticity_Transolver_train,full,200,200,8,2,0.2596537011
elasticity,/home/hwz/Transolver/LINEARNO/monitor/analysis/transolver_monitor_output_20260917_074049/LINEARNO/monitor/output/elasticity/20260916_194317_elasticity_Transolver_train,full,200,200,8,3,0.7060528761
elasticity,/home/hwz/Transolver/LINEARNO/monitor/analysis/transolver_monitor_output_20260917_074049/LINEARNO/monitor/output/elasticity/20260916_194317_elasticity_Transolver_train,full,200,200,8,4,0.4654890033
elasticity,/home/hwz/Transolver/LINEARNO/monitor/analysis/transolver_monitor_output_20260917_074049/LINEARNO/monitor/output/elasticity/20260916_194317_elasticity_Transolver_train,full,200,200,8,5,0.2179533348
elasticity,/home/hwz/Transolver/LINEARNO/monitor/analysis/transolver_monitor_output_20260917_074049/LINEARNO/monitor/output/elasticity/20260916_194317_elasticity_Transolver_train,full,200,200,8,6,0.6577967554
elasticity,/home/hwz/Transolver/LINEARNO/monitor/analysis/transolver_monitor_output_20260917_074049/LINEARNO/monitor/output/elasticity/20260916_194317_elasticity_Transolver_train,full,200,200,8,7,1
elasticity,/home/hwz/Transolver/LINEARNO/monitor/analysis/transolver_monitor_output_20260917_074049/LINEARNO/monitor/output/elasticity/20260916_194317_elasticity_Transolver_train,full,200,200,8,8,1
elasticity,/home/hwz/Transolver/LINEARNO/monitor/analysis/transolver_monitor_output_20260917_074049/LINEARNO/monitor/output/elasticity/20260916_194317_elasticity_Transolver_train,base,1,1,1,1,1
elasticity,/home/hwz/Transolver/LINEARNO/monitor/analysis/transolver_monitor_output_20260917_074049/LINEARNO/monitor/output/elasticity/20260916_194317_elasticity_Transolver_train,base,1,1,1,2,0.7854556032
elasticity,/home/hwz/Transolver/LINEARNO/monitor/analysis/transolver_monitor_output_20260917_074049/LINEARNO/monitor/output/elasticity/20260916_194317_elasticity_Transolver_train,base,1,1,1,3,1
elasticity,/home/hwz/Transolver/LINEARNO/monitor/analysis/transolver_monitor_output_20260917_074049/LINEARNO/monitor/output/elasticity/20260916_194317_elasticity_Transolver_train,base,1,1,1,4,0.9998942185
elasticity,/home/hwz/Transolver/LINEARNO/monitor/analysis/transolver_monitor_output_20260917_074049/LINEARNO/monitor/output/elasticity/20260916_194317_elasticity_Transolver_train,base,1,1,1,5,1
elasticity,/home/hwz/Transolver/LINEARNO/monitor/analysis/transolver_monitor_output_20260917_074049/LINEARNO/monitor/output/elasticity/20260916_194317_elasticity_Transolver_train,base,1,1,1,6,1
elasticity,/home/hwz/Transolver/LINEARNO/monitor/analysis/transolver_monitor_output_20260917_074049/LINEARNO/monitor/output/elasticity/20260916_194317_elasticity_Transolver_train,base,1,1,1,7,1
elasticity,/home/hwz/Transolver/LINEARNO/monitor/analysis/transolver_monitor_output_20260917_074049/LINEARNO/monitor/output/elasticity/20260916_194317_elasticity_Transolver_train,base,1,1,1,8,1
elasticity,/home/hwz/Transolver/LINEARNO/monitor/analysis/transolver_monitor_output_20260917_074049/LINEARNO/monitor/output/elasticity/20260916_194317_elasticity_Transolver_train,base,1,1,2,1,0.7854556032
elasticity,/home/hwz/Transolver/LINEARNO/monitor/analysis/transolver_monitor_output_20260917_074049/LINEARNO/monitor/output/elasticity/20260916_194317_elasticity_Transolver_train,base,1,1,2,2,1
elasticity,/home/hwz/Transolver/LINEARNO/monitor/analysis/transolver_monitor_output_20260917_074049/LINEARNO/monitor/output/elasticity/20260916_194317_elasticity_Transolver_train,base,1,1,2,3,0.7856944129
elasticity,/home/hwz/Transolver/LINEARNO/monitor/analysis/transolver_monitor_output_20260917_074049/LINEARNO/monitor/output/elasticity/20260916_194317_elasticity_Transolver_train,base,1,1,2,4,0.7866829596
elasticity,/home/hwz/Transolver/LINEARNO/monitor/analysis/transolver_monitor_output_20260917_074049/LINEARNO/monitor/output/elasticity/20260916_194317_elasticity_Transolver_train,base,1,1,2,5,0.7856622469
elasticity,/home/hwz/Transolver/LINEARNO/monitor/analysis/transolver_monitor_output_20260917_074049/LINEARNO/monitor/output/elasticity/20260916_194317_elasticity_Transolver_train,base,1,1,2,6,0.7854756974
elasticity,/home/hwz/Transolver/LINEARNO/monitor/analysis/transolver_monitor_output_20260917_074049/LINEARNO/monitor/output/elasticity/20260916_194317_elasticity_Transolver_train,base,1,1,2,7,0.7854567878
elasticity,/home/hwz/Transolver/LINEARNO/monitor/analysis/transolver_monitor_output_20260917_074049/LINEARNO/monitor/output/elasticity/20260916_194317_elasticity_Transolver_train,base,1,1,2,8,0.7854570113
elasticity,/home/hwz/Transolver/LINEARNO/monitor/analysis/transolver_monitor_output_20260917_074049/LINEARNO/monitor/output/elasticity/20260916_194317_elasticity_Transolver_train,base,1,1,3,1,1
elasticity,/home/hwz/Transolver/LINEARNO/monitor/analysis/transolver_monitor_output_20260917_074049/LINEARNO/monitor/output/elasticity/20260916_194317_elasticity_Transolver_train,base,1,1,3,2,0.7856944129
elasticity,/home/hwz/Transolver/LINEARNO/monitor/analysis/transolver_monitor_output_20260917_074049/LINEARNO/monitor/output/elasticity/20260916_194317_elasticity_Transolver_train,base,1,1,3,3,1
elasticity,/home/hwz/Transolver/LINEARNO/monitor/analysis/transolver_monitor_output_20260917_074049/LINEARNO/monitor/output/elasticity/20260916_194317_elasticity_Transolver_train,base,1,1,3,4,0.9999181293
elasticity,/home/hwz/Transolver/LINEARNO/monitor/analysis/transolver_monitor_output_20260917_074049/LINEARNO/monitor/output/elasticity/20260916_194317_elasticity_Transolver_train,base,1,1,3,5,1
elasticity,/home/hwz/Transolver/LINEARNO/monitor/analysis/transolver_monitor_output_20260917_074049/LINEARNO/monitor/output/elasticity/20260916_194317_elasticity_Transolver_train,base,1,1,3,6,1
elasticity,/home/hwz/Transolver/LINEARNO/monitor/analysis/transolver_monitor_output_20260917_074049/LINEARNO/monitor/output/elasticity/20260916_194317_elasticity_Transolver_train,base,1,1,3,7,1
elasticity,/home/hwz/Transolver/LINEARNO/monitor/analysis/transolver_monitor_output_20260917_074049/LINEARNO/monitor/output/elasticity/20260916_194317_elasticity_Transolver_train,base,1,1,3,8,1
elasticity,/home/hwz/Transolver/LINEARNO/monitor/analysis/transolver_monitor_output_20260917_074049/LINEARNO/monitor/output/elasticity/20260916_194317_elasticity_Transolver_train,base,1,1,4,1,0.9998942185
elasticity,/home/hwz/Transolver/LINEARNO/monitor/analysis/transolver_monitor_output_20260917_074049/LINEARNO/monitor/output/elasticity/20260916_194317_elasticity_Transolver_train,base,1,1,4,2,0.7866829596
elasticity,/home/hwz/Transolver/LINEARNO/monitor/analysis/transolver_monitor_output_20260917_074049/LINEARNO/monitor/output/elasticity/20260916_194317_elasticity_Transolver_train,base,1,1,4,3,0.9999181293
elasticity,/home/hwz/Transolver/LINEARNO/monitor/analysis/transolver_monitor_output_20260917_074049/LINEARNO/monitor/output/elasticity/20260916_194317_elasticity_Transolver_train,base,1,1,4,4,1
elasticity,/home/hwz/Transolver/LINEARNO/monitor/analysis/transolver_monitor_output_20260917_074049/LINEARNO/monitor/output/elasticity/20260916_194317_elasticity_Transolver_train,base,1,1,4,5,0.9999004938
elasticity,/home/hwz/Transolver/LINEARNO/monitor/analysis/transolver_monitor_output_20260917_074049/LINEARNO/monitor/output/elasticity/20260916_194317_elasticity_Transolver_train,base,1,1,4,6,0.9998956118
elasticity,/home/hwz/Transolver/LINEARNO/monitor/analysis/transolver_monitor_output_20260917_074049/LINEARNO/monitor/output/elasticity/20260916_194317_elasticity_Transolver_train,base,1,1,4,7,0.9998943955
elasticity,/home/hwz/Transolver/LINEARNO/monitor/analysis/transolver_monitor_output_20260917_074049/LINEARNO/monitor/output/elasticity/20260916_194317_elasticity_Transolver_train,base,1,1,4,8,0.9998944085
elasticity,/home/hwz/Transolver/LINEARNO/monitor/analysis/transolver_monitor_output_20260917_074049/LINEARNO/monitor/output/elasticity/20260916_194317_elasticity_Transolver_train,base,1,1,5,1,1
elasticity,/home/hwz/Transolver/LINEARNO/monitor/analysis/transolver_monitor_output_20260917_074049/LINEARNO/monitor/output/elasticity/20260916_194317_elasticity_Transolver_train,base,1,1,5,2,0.7856622469
elasticity,/home/hwz/Transolver/LINEARNO/monitor/analysis/transolver_monitor_output_20260917_074049/LINEARNO/monitor/output/elasticity/20260916_194317_elasticity_Transolver_train,base,1,1,5,3,1
elasticity,/home/hwz/Transolver/LINEARNO/monitor/analysis/transolver_monitor_output_20260917_074049/LINEARNO/monitor/output/elasticity/20260916_194317_elasticity_Transolver_train,base,1,1,5,4,0.9999004938
elasticity,/home/hwz/Transolver/LINEARNO/monitor/analysis/transolver_monitor_output_20260917_074049/LINEARNO/monitor/output/elasticity/20260916_194317_elasticity_Transolver_train,base,1,1,5,5,1
elasticity,/home/hwz/Transolver/LINEARNO/monitor/analysis/transolver_monitor_output_20260917_074049/LINEARNO/monitor/output/elasticity/20260916_194317_elasticity_Transolver_train,base,1,1,5,6,1
elasticity,/home/hwz/Transolver/LINEARNO/monitor/analysis/transolver_monitor_output_20260917_074049/LINEARNO/monitor/output/elasticity/20260916_194317_elasticity_Transolver_train,base,1,1,5,7,1
elasticity,/home/hwz/Transolver/LINEARNO/monitor/analysis/transolver_monitor_output_20260917_074049/LINEARNO/monitor/output/elasticity/20260916_194317_elasticity_Transolver_train,base,1,1,5,8,1
elasticity,/home/hwz/Transolver/LINEARNO/monitor/analysis/transolver_monitor_output_20260917_074049/LINEARNO/monitor/output/elasticity/20260916_194317_elasticity_Transolver_train,base,1,1,6,1,1
elasticity,/home/hwz/Transolver/LINEARNO/monitor/analysis/transolver_monitor_output_20260917_074049/LINEARNO/monitor/output/elasticity/20260916_194317_elasticity_Transolver_train,base,1,1,6,2,0.7854756974
elasticity,/home/hwz/Transolver/LINEARNO/monitor/analysis/transolver_monitor_output_20260917_074049/LINEARNO/monitor/output/elasticity/20260916_194317_elasticity_Transolver_train,base,1,1,6,3,1
elasticity,/home/hwz/Transolver/LINEARNO/monitor/analysis/transolver_monitor_output_20260917_074049/LINEARNO/monitor/output/elasticity/20260916_194317_elasticity_Transolver_train,base,1,1,6,4,0.9998956118
elasticity,/home/hwz/Transolver/LINEARNO/monitor/analysis/transolver_monitor_output_20260917_074049/LINEARNO/monitor/output/elasticity/20260916_194317_elasticity_Transolver_train,base,1,1,6,5,1
elasticity,/home/hwz/Transolver/LINEARNO/monitor/analysis/transolver_monitor_output_20260917_074049/LINEARNO/monitor/output/elasticity/20260916_194317_elasticity_Transolver_train,base,1,1,6,6,1
elasticity,/home/hwz/Transolver/LINEARNO/monitor/analysis/transolver_monitor_output_20260917_074049/LINEARNO/monitor/output/elasticity/20260916_194317_elasticity_Transolver_train,base,1,1,6,7,1
elasticity,/home/hwz/Transolver/LINEARNO/monitor/analysis/transolver_monitor_output_20260917_074049/LINEARNO/monitor/output/elasticity/20260916_194317_elasticity_Transolver_train,base,1,1,6,8,1
elasticity,/home/hwz/Transolver/LINEARNO/monitor/analysis/transolver_monitor_output_20260917_074049/LINEARNO/monitor/output/elasticity/20260916_194317_elasticity_Transolver_train,base,1,1,7,1,1
elasticity,/home/hwz/Transolver/LINEARNO/monitor/analysis/transolver_monitor_output_20260917_074049/LINEARNO/monitor/output/elasticity/20260916_194317_elasticity_Transolver_train,base,1,1,7,2,0.7854567878
elasticity,/home/hwz/Transolver/LINEARNO/monitor/analysis/transolver_monitor_output_20260917_074049/LINEARNO/monitor/output/elasticity/20260916_194317_elasticity_Transolver_train,base,1,1,7,3,1
elasticity,/home/hwz/Transolver/LINEARNO/monitor/analysis/transolver_monitor_output_20260917_074049/LINEARNO/monitor/output/elasticity/20260916_194317_elasticity_Transolver_train,base,1,1,7,4,0.9998943955
elasticity,/home/hwz/Transolver/LINEARNO/monitor/analysis/transolver_monitor_output_20260917_074049/LINEARNO/monitor/output/elasticity/20260916_194317_elasticity_Transolver_train,base,1,1,7,5,1
elasticity,/home/hwz/Transolver/LINEARNO/monitor/analysis/transolver_monitor_output_20260917_074049/LINEARNO/monitor/output/elasticity/20260916_194317_elasticity_Transolver_train,base,1,1,7,6,1
elasticity,/home/hwz/Transolver/LINEARNO/monitor/analysis/transolver_monitor_output_20260917_074049/LINEARNO/monitor/output/elasticity/20260916_194317_elasticity_Transolver_train,base,1,1,7,7,1
elasticity,/home/hwz/Transolver/LINEARNO/monitor/analysis/transolver_monitor_output_20260917_074049/LINEARNO/monitor/output/elasticity/20260916_194317_elasticity_Transolver_train,base,1,1,7,8,1
elasticity,/home/hwz/Transolver/LINEARNO/monitor/analysis/transolver_monitor_output_20260917_074049/LINEARNO/monitor/output/elasticity/20260916_194317_elasticity_Transolver_train,base,1,1,8,1,1
elasticity,/home/hwz/Transolver/LINEARNO/monitor/analysis/transolver_monitor_output_20260917_074049/LINEARNO/monitor/output/elasticity/20260916_194317_elasticity_Transolver_train,base,1,1,8,2,0.7854570113
elasticity,/home/hwz/Transolver/LINEARNO/monitor/analysis/transolver_monitor_output_20260917_074049/LINEARNO/monitor/output/elasticity/20260916_194317_elasticity_Transolver_train,base,1,1,8,3,1
elasticity,/home/hwz/Transolver/LINEARNO/monitor/analysis/transolver_monitor_output_20260917_074049/LINEARNO/monitor/output/elasticity/20260916_194317_elasticity_Transolver_train,base,1,1,8,4,0.9998944085
elasticity,/home/hwz/Transolver/LINEARNO/monitor/analysis/transolver_monitor_output_20260917_074049/LINEARNO/monitor/output/elasticity/20260916_194317_elasticity_Transolver_train,base,1,1,8,5,1
elasticity,/home/hwz/Transolver/LINEARNO/monitor/analysis/transolver_monitor_output_20260917_074049/LINEARNO/monitor/output/elasticity/20260916_194317_elasticity_Transolver_train,base,1,1,8,6,1
elasticity,/home/hwz/Transolver/LINEARNO/monitor/analysis/transolver_monitor_output_20260917_074049/LINEARNO/monitor/output/elasticity/20260916_194317_elasticity_Transolver_train,base,1,1,8,7,1
elasticity,/home/hwz/Transolver/LINEARNO/monitor/analysis/transolver_monitor_output_20260917_074049/LINEARNO/monitor/output/elasticity/20260916_194317_elasticity_Transolver_train,base,1,1,8,8,1
elasticity,/home/hwz/Transolver/LINEARNO/monitor/analysis/transolver_monitor_output_20260917_074049/LINEARNO/monitor/output/elasticity/20260916_194317_elasticity_Transolver_train,base,100,100,1,1,1
elasticity,/home/hwz/Transolver/LINEARNO/monitor/analysis/transolver_monitor_output_20260917_074049/LINEARNO/monitor/output/elasticity/20260916_194317_elasticity_Transolver_train,base,100,100,1,2,0.4535189848
elasticity,/home/hwz/Transolver/LINEARNO/monitor/analysis/transolver_monitor_output_20260917_074049/LINEARNO/monitor/output/elasticity/20260916_194317_elasticity_Transolver_train,base,100,100,1,3,0.5603847895
elasticity,/home/hwz/Transolver/LINEARNO/monitor/analysis/transolver_monitor_output_20260917_074049/LINEARNO/monitor/output/elasticity/20260916_194317_elasticity_Transolver_train,base,100,100,1,4,0.4548572376
elasticity,/home/hwz/Transolver/LINEARNO/monitor/analysis/transolver_monitor_output_20260917_074049/LINEARNO/monitor/output/elasticity/20260916_194317_elasticity_Transolver_train,base,100,100,1,5,0.517312686
elasticity,/home/hwz/Transolver/LINEARNO/monitor/analysis/transolver_monitor_output_20260917_074049/LINEARNO/monitor/output/elasticity/20260916_194317_elasticity_Transolver_train,base,100,100,1,6,0.6783451084
elasticity,/home/hwz/Transolver/LINEARNO/monitor/analysis/transolver_monitor_output_20260917_074049/LINEARNO/monitor/output/elasticity/20260916_194317_elasticity_Transolver_train,base,100,100,1,7,0.9999774508
elasticity,/home/hwz/Transolver/LINEARNO/monitor/analysis/transolver_monitor_output_20260917_074049/LINEARNO/monitor/output/elasticity/20260916_194317_elasticity_Transolver_train,base,100,100,1,8,0.9999776296
elasticity,/home/hwz/Transolver/LINEARNO/monitor/analysis/transolver_monitor_output_20260917_074049/LINEARNO/monitor/output/elasticity/20260916_194317_elasticity_Transolver_train,base,100,100,2,1,0.4535189848
elasticity,/home/hwz/Transolver/LINEARNO/monitor/analysis/transolver_monitor_output_20260917_074049/LINEARNO/monitor/output/elasticity/20260916_194317_elasticity_Transolver_train,base,100,100,2,2,1
elasticity,/home/hwz/Transolver/LINEARNO/monitor/analysis/transolver_monitor_output_20260917_074049/LINEARNO/monitor/output/elasticity/20260916_194317_elasticity_Transolver_train,base,100,100,2,3,0.6118014199
elasticity,/home/hwz/Transolver/LINEARNO/monitor/analysis/transolver_monitor_output_20260917_074049/LINEARNO/monitor/output/elasticity/20260916_194317_elasticity_Transolver_train,base,100,100,2,4,0.5510178865
elasticity,/home/hwz/Transolver/LINEARNO/monitor/analysis/transolver_monitor_output_20260917_074049/LINEARNO/monitor/output/elasticity/20260916_194317_elasticity_Transolver_train,base,100,100,2,5,0.5144596612
elasticity,/home/hwz/Transolver/LINEARNO/monitor/analysis/transolver_monitor_output_20260917_074049/LINEARNO/monitor/output/elasticity/20260916_194317_elasticity_Transolver_train,base,100,100,2,6,0.4544682093
elasticity,/home/hwz/Transolver/LINEARNO/monitor/analysis/transolver_monitor_output_20260917_074049/LINEARNO/monitor/output/elasticity/20260916_194317_elasticity_Transolver_train,base,100,100,2,7,0.451092842
elasticity,/home/hwz/Transolver/LINEARNO/monitor/analysis/transolver_monitor_output_20260917_074049/LINEARNO/monitor/output/elasticity/20260916_194317_elasticity_Transolver_train,base,100,100,2,8,0.4510929938
elasticity,/home/hwz/Transolver/LINEARNO/monitor/analysis/transolver_monitor_output_20260917_074049/LINEARNO/monitor/output/elasticity/20260916_194317_elasticity_Transolver_train,base,100,100,3,1,0.5603847895
elasticity,/home/hwz/Transolver/LINEARNO/monitor/analysis/transolver_monitor_output_20260917_074049/LINEARNO/monitor/output/elasticity/20260916_194317_elasticity_Transolver_train,base,100,100,3,2,0.6118014199
elasticity,/home/hwz/Transolver/LINEARNO/monitor/analysis/transolver_monitor_output_20260917_074049/LINEARNO/monitor/output/elasticity/20260916_194317_elasticity_Transolver_train,base,100,100,3,3,1
elasticity,/home/hwz/Transolver/LINEARNO/monitor/analysis/transolver_monitor_output_20260917_074049/LINEARNO/monitor/output/elasticity/20260916_194317_elasticity_Transolver_train,base,100,100,3,4,0.653224458
elasticity,/home/hwz/Transolver/LINEARNO/monitor/analysis/transolver_monitor_output_20260917_074049/LINEARNO/monitor/output/elasticity/20260916_194317_elasticity_Transolver_train,base,100,100,3,5,0.6415087003
elasticity,/home/hwz/Transolver/LINEARNO/monitor/analysis/transolver_monitor_output_20260917_074049/LINEARNO/monitor/output/elasticity/20260916_194317_elasticity_Transolver_train,base,100,100,3,6,0.5777148772
elasticity,/home/hwz/Transolver/LINEARNO/monitor/analysis/transolver_monitor_output_20260917_074049/LINEARNO/monitor/output/elasticity/20260916_194317_elasticity_Transolver_train,base,100,100,3,7,0.5577436453
elasticity,/home/hwz/Transolver/LINEARNO/monitor/analysis/transolver_monitor_output_20260917_074049/LINEARNO/monitor/output/elasticity/20260916_194317_elasticity_Transolver_train,base,100,100,3,8,0.5577438716
elasticity,/home/hwz/Transolver/LINEARNO/monitor/analysis/transolver_monitor_output_20260917_074049/LINEARNO/monitor/output/elasticity/20260916_194317_elasticity_Transolver_train,base,100,100,4,1,0.4548572376
elasticity,/home/hwz/Transolver/LINEARNO/monitor/analysis/transolver_monitor_output_20260917_074049/LINEARNO/monitor/output/elasticity/20260916_194317_elasticity_Transolver_train,base,100,100,4,2,0.5510178865
elasticity,/home/hwz/Transolver/LINEARNO/monitor/analysis/transolver_monitor_output_20260917_074049/LINEARNO/monitor/output/elasticity/20260916_194317_elasticity_Transolver_train,base,100,100,4,3,0.653224458
elasticity,/home/hwz/Transolver/LINEARNO/monitor/analysis/transolver_monitor_output_20260917_074049/LINEARNO/monitor/output/elasticity/20260916_194317_elasticity_Transolver_train,base,100,100,4,4,1
elasticity,/home/hwz/Transolver/LINEARNO/monitor/analysis/transolver_monitor_output_20260917_074049/LINEARNO/monitor/output/elasticity/20260916_194317_elasticity_Transolver_train,base,100,100,4,5,0.535033511
elasticity,/home/hwz/Transolver/LINEARNO/monitor/analysis/transolver_monitor_output_20260917_074049/LINEARNO/monitor/output/elasticity/20260916_194317_elasticity_Transolver_train,base,100,100,4,6,0.508043692
elasticity,/home/hwz/Transolver/LINEARNO/monitor/analysis/transolver_monitor_output_20260917_074049/LINEARNO/monitor/output/elasticity/20260916_194317_elasticity_Transolver_train,base,100,100,4,7,0.452454322
elasticity,/home/hwz/Transolver/LINEARNO/monitor/analysis/transolver_monitor_output_20260917_074049/LINEARNO/monitor/output/elasticity/20260916_194317_elasticity_Transolver_train,base,100,100,4,8,0.4524545148
elasticity,/home/hwz/Transolver/LINEARNO/monitor/analysis/transolver_monitor_output_20260917_074049/LINEARNO/monitor/output/elasticity/20260916_194317_elasticity_Transolver_train,base,100,100,5,1,0.517312686
elasticity,/home/hwz/Transolver/LINEARNO/monitor/analysis/transolver_monitor_output_20260917_074049/LINEARNO/monitor/output/elasticity/20260916_194317_elasticity_Transolver_train,base,100,100,5,2,0.5144596612
elasticity,/home/hwz/Transolver/LINEARNO/monitor/analysis/transolver_monitor_output_20260917_074049/LINEARNO/monitor/output/elasticity/20260916_194317_elasticity_Transolver_train,base,100,100,5,3,0.6415087003
elasticity,/home/hwz/Transolver/LINEARNO/monitor/analysis/transolver_monitor_output_20260917_074049/LINEARNO/monitor/output/elasticity/20260916_194317_elasticity_Transolver_train,base,100,100,5,4,0.535033511
elasticity,/home/hwz/Transolver/LINEARNO/monitor/analysis/transolver_monitor_output_20260917_074049/LINEARNO/monitor/output/elasticity/20260916_194317_elasticity_Transolver_train,base,100,100,5,5,1
elasticity,/home/hwz/Transolver/LINEARNO/monitor/analysis/transolver_monitor_output_20260917_074049/LINEARNO/monitor/output/elasticity/20260916_194317_elasticity_Transolver_train,base,100,100,5,6,0.5450245971
elasticity,/home/hwz/Transolver/LINEARNO/monitor/analysis/transolver_monitor_output_20260917_074049/LINEARNO/monitor/output/elasticity/20260916_194317_elasticity_Transolver_train,base,100,100,5,7,0.5152278021
elasticity,/home/hwz/Transolver/LINEARNO/monitor/analysis/transolver_monitor_output_20260917_074049/LINEARNO/monitor/output/elasticity/20260916_194317_elasticity_Transolver_train,base,100,100,5,8,0.5152280228
elasticity,/home/hwz/Transolver/LINEARNO/monitor/analysis/transolver_monitor_output_20260917_074049/LINEARNO/monitor/output/elasticity/20260916_194317_elasticity_Transolver_train,base,100,100,6,1,0.6783451084
elasticity,/home/hwz/Transolver/LINEARNO/monitor/analysis/transolver_monitor_output_20260917_074049/LINEARNO/monitor/output/elasticity/20260916_194317_elasticity_Transolver_train,base,100,100,6,2,0.4544682093
elasticity,/home/hwz/Transolver/LINEARNO/monitor/analysis/transolver_monitor_output_20260917_074049/LINEARNO/monitor/output/elasticity/20260916_194317_elasticity_Transolver_train,base,100,100,6,3,0.5777148772
elasticity,/home/hwz/Transolver/LINEARNO/monitor/analysis/transolver_monitor_output_20260917_074049/LINEARNO/monitor/output/elasticity/20260916_194317_elasticity_Transolver_train,base,100,100,6,4,0.508043692
elasticity,/home/hwz/Transolver/LINEARNO/monitor/analysis/transolver_monitor_output_20260917_074049/LINEARNO/monitor/output/elasticity/20260916_194317_elasticity_Transolver_train,base,100,100,6,5,0.5450245971
elasticity,/home/hwz/Transolver/LINEARNO/monitor/analysis/transolver_monitor_output_20260917_074049/LINEARNO/monitor/output/elasticity/20260916_194317_elasticity_Transolver_train,base,100,100,6,6,1
elasticity,/home/hwz/Transolver/LINEARNO/monitor/analysis/transolver_monitor_output_20260917_074049/LINEARNO/monitor/output/elasticity/20260916_194317_elasticity_Transolver_train,base,100,100,6,7,0.6769231856
elasticity,/home/hwz/Transolver/LINEARNO/monitor/analysis/transolver_monitor_output_20260917_074049/LINEARNO/monitor/output/elasticity/20260916_194317_elasticity_Transolver_train,base,100,100,6,8,0.6769234668
elasticity,/home/hwz/Transolver/LINEARNO/monitor/analysis/transolver_monitor_output_20260917_074049/LINEARNO/monitor/output/elasticity/20260916_194317_elasticity_Transolver_train,base,100,100,7,1,0.9999774508
elasticity,/home/hwz/Transolver/LINEARNO/monitor/analysis/transolver_monitor_output_20260917_074049/LINEARNO/monitor/output/elasticity/20260916_194317_elasticity_Transolver_train,base,100,100,7,2,0.451092842
elasticity,/home/hwz/Transolver/LINEARNO/monitor/analysis/transolver_monitor_output_20260917_074049/LINEARNO/monitor/output/elasticity/20260916_194317_elasticity_Transolver_train,base,100,100,7,3,0.5577436453
elasticity,/home/hwz/Transolver/LINEARNO/monitor/analysis/transolver_monitor_output_20260917_074049/LINEARNO/monitor/output/elasticity/20260916_194317_elasticity_Transolver_train,base,100,100,7,4,0.452454322
elasticity,/home/hwz/Transolver/LINEARNO/monitor/analysis/transolver_monitor_output_20260917_074049/LINEARNO/monitor/output/elasticity/20260916_194317_elasticity_Transolver_train,base,100,100,7,5,0.5152278021
elasticity,/home/hwz/Transolver/LINEARNO/monitor/analysis/transolver_monitor_output_20260917_074049/LINEARNO/monitor/output/elasticity/20260916_194317_elasticity_Transolver_train,base,100,100,7,6,0.6769231856
elasticity,/home/hwz/Transolver/LINEARNO/monitor/analysis/transolver_monitor_output_20260917_074049/LINEARNO/monitor/output/elasticity/20260916_194317_elasticity_Transolver_train,base,100,100,7,7,1
elasticity,/home/hwz/Transolver/LINEARNO/monitor/analysis/transolver_monitor_output_20260917_074049/LINEARNO/monitor/output/elasticity/20260916_194317_elasticity_Transolver_train,base,100,100,7,8,1
elasticity,/home/hwz/Transolver/LINEARNO/monitor/analysis/transolver_monitor_output_20260917_074049/LINEARNO/monitor/output/elasticity/20260916_194317_elasticity_Transolver_train,base,100,100,8,1,0.9999776296
elasticity,/home/hwz/Transolver/LINEARNO/monitor/analysis/transolver_monitor_output_20260917_074049/LINEARNO/monitor/output/elasticity/20260916_194317_elasticity_Transolver_train,base,100,100,8,2,0.4510929938
elasticity,/home/hwz/Transolver/LINEARNO/monitor/analysis/transolver_monitor_output_20260917_074049/LINEARNO/monitor/output/elasticity/20260916_194317_elasticity_Transolver_train,base,100,100,8,3,0.5577438716
elasticity,/home/hwz/Transolver/LINEARNO/monitor/analysis/transolver_monitor_output_20260917_074049/LINEARNO/monitor/output/elasticity/20260916_194317_elasticity_Transolver_train,base,100,100,8,4,0.4524545148
elasticity,/home/hwz/Transolver/LINEARNO/monitor/analysis/transolver_monitor_output_20260917_074049/LINEARNO/monitor/output/elasticity/20260916_194317_elasticity_Transolver_train,base,100,100,8,5,0.5152280228
elasticity,/home/hwz/Transolver/LINEARNO/monitor/analysis/transolver_monitor_output_20260917_074049/LINEARNO/monitor/output/elasticity/20260916_194317_elasticity_Transolver_train,base,100,100,8,6,0.6769234668
elasticity,/home/hwz/Transolver/LINEARNO/monitor/analysis/transolver_monitor_output_20260917_074049/LINEARNO/monitor/output/elasticity/20260916_194317_elasticity_Transolver_train,base,100,100,8,7,1
elasticity,/home/hwz/Transolver/LINEARNO/monitor/analysis/transolver_monitor_output_20260917_074049/LINEARNO/monitor/output/elasticity/20260916_194317_elasticity_Transolver_train,base,100,100,8,8,1
elasticity,/home/hwz/Transolver/LINEARNO/monitor/analysis/transolver_monitor_output_20260917_074049/LINEARNO/monitor/output/elasticity/20260916_194317_elasticity_Transolver_train,base,200,200,1,1,1
elasticity,/home/hwz/Transolver/LINEARNO/monitor/analysis/transolver_monitor_output_20260917_074049/LINEARNO/monitor/output/elasticity/20260916_194317_elasticity_Transolver_train,base,200,200,1,2,0.4902472934
elasticity,/home/hwz/Transolver/LINEARNO/monitor/analysis/transolver_monitor_output_20260917_074049/LINEARNO/monitor/output/elasticity/20260916_194317_elasticity_Transolver_train,base,200,200,1,3,0.5507883411
elasticity,/home/hwz/Transolver/LINEARNO/monitor/analysis/transolver_monitor_output_20260917_074049/LINEARNO/monitor/output/elasticity/20260916_194317_elasticity_Transolver_train,base,200,200,1,4,0.4472931698
elasticity,/home/hwz/Transolver/LINEARNO/monitor/analysis/transolver_monitor_output_20260917_074049/LINEARNO/monitor/output/elasticity/20260916_194317_elasticity_Transolver_train,base,200,200,1,5,0.510459369
elasticity,/home/hwz/Transolver/LINEARNO/monitor/analysis/transolver_monitor_output_20260917_074049/LINEARNO/monitor/output/elasticity/20260916_194317_elasticity_Transolver_train,base,200,200,1,6,0.6569561232
elasticity,/home/hwz/Transolver/LINEARNO/monitor/analysis/transolver_monitor_output_20260917_074049/LINEARNO/monitor/output/elasticity/20260916_194317_elasticity_Transolver_train,base,200,200,1,7,1
elasticity,/home/hwz/Transolver/LINEARNO/monitor/analysis/transolver_monitor_output_20260917_074049/LINEARNO/monitor/output/elasticity/20260916_194317_elasticity_Transolver_train,base,200,200,1,8,1
elasticity,/home/hwz/Transolver/LINEARNO/monitor/analysis/transolver_monitor_output_20260917_074049/LINEARNO/monitor/output/elasticity/20260916_194317_elasticity_Transolver_train,base,200,200,2,1,0.4902472934
elasticity,/home/hwz/Transolver/LINEARNO/monitor/analysis/transolver_monitor_output_20260917_074049/LINEARNO/monitor/output/elasticity/20260916_194317_elasticity_Transolver_train,base,200,200,2,2,1
elasticity,/home/hwz/Transolver/LINEARNO/monitor/analysis/transolver_monitor_output_20260917_074049/LINEARNO/monitor/output/elasticity/20260916_194317_elasticity_Transolver_train,base,200,200,2,3,0.6264648158
elasticity,/home/hwz/Transolver/LINEARNO/monitor/analysis/transolver_monitor_output_20260917_074049/LINEARNO/monitor/output/elasticity/20260916_194317_elasticity_Transolver_train,base,200,200,2,4,0.5457426775
elasticity,/home/hwz/Transolver/LINEARNO/monitor/analysis/transolver_monitor_output_20260917_074049/LINEARNO/monitor/output/elasticity/20260916_194317_elasticity_Transolver_train,base,200,200,2,5,0.5397004429
elasticity,/home/hwz/Transolver/LINEARNO/monitor/analysis/transolver_monitor_output_20260917_074049/LINEARNO/monitor/output/elasticity/20260916_194317_elasticity_Transolver_train,base,200,200,2,6,0.4695870942
elasticity,/home/hwz/Transolver/LINEARNO/monitor/analysis/transolver_monitor_output_20260917_074049/LINEARNO/monitor/output/elasticity/20260916_194317_elasticity_Transolver_train,base,200,200,2,7,0.4898517234
elasticity,/home/hwz/Transolver/LINEARNO/monitor/analysis/transolver_monitor_output_20260917_074049/LINEARNO/monitor/output/elasticity/20260916_194317_elasticity_Transolver_train,base,200,200,2,8,0.4898513071
elasticity,/home/hwz/Transolver/LINEARNO/monitor/analysis/transolver_monitor_output_20260917_074049/LINEARNO/monitor/output/elasticity/20260916_194317_elasticity_Transolver_train,base,200,200,3,1,0.5507883411
elasticity,/home/hwz/Transolver/LINEARNO/monitor/analysis/transolver_monitor_output_20260917_074049/LINEARNO/monitor/output/elasticity/20260916_194317_elasticity_Transolver_train,base,200,200,3,2,0.6264648158
elasticity,/home/hwz/Transolver/LINEARNO/monitor/analysis/transolver_monitor_output_20260917_074049/LINEARNO/monitor/output/elasticity/20260916_194317_elasticity_Transolver_train,base,200,200,3,3,1
elasticity,/home/hwz/Transolver/LINEARNO/monitor/analysis/transolver_monitor_output_20260917_074049/LINEARNO/monitor/output/elasticity/20260916_194317_elasticity_Transolver_train,base,200,200,3,4,0.6396601899
elasticity,/home/hwz/Transolver/LINEARNO/monitor/analysis/transolver_monitor_output_20260917_074049/LINEARNO/monitor/output/elasticity/20260916_194317_elasticity_Transolver_train,base,200,200,3,5,0.6419235487
elasticity,/home/hwz/Transolver/LINEARNO/monitor/analysis/transolver_monitor_output_20260917_074049/LINEARNO/monitor/output/elasticity/20260916_194317_elasticity_Transolver_train,base,200,200,3,6,0.5743475659
elasticity,/home/hwz/Transolver/LINEARNO/monitor/analysis/transolver_monitor_output_20260917_074049/LINEARNO/monitor/output/elasticity/20260916_194317_elasticity_Transolver_train,base,200,200,3,7,0.5503938617
elasticity,/home/hwz/Transolver/LINEARNO/monitor/analysis/transolver_monitor_output_20260917_074049/LINEARNO/monitor/output/elasticity/20260916_194317_elasticity_Transolver_train,base,200,200,3,8,0.5503934324
elasticity,/home/hwz/Transolver/LINEARNO/monitor/analysis/transolver_monitor_output_20260917_074049/LINEARNO/monitor/output/elasticity/20260916_194317_elasticity_Transolver_train,base,200,200,4,1,0.4472931698
elasticity,/home/hwz/Transolver/LINEARNO/monitor/analysis/transolver_monitor_output_20260917_074049/LINEARNO/monitor/output/elasticity/20260916_194317_elasticity_Transolver_train,base,200,200,4,2,0.5457426775
elasticity,/home/hwz/Transolver/LINEARNO/monitor/analysis/transolver_monitor_output_20260917_074049/LINEARNO/monitor/output/elasticity/20260916_194317_elasticity_Transolver_train,base,200,200,4,3,0.6396601899
elasticity,/home/hwz/Transolver/LINEARNO/monitor/analysis/transolver_monitor_output_20260917_074049/LINEARNO/monitor/output/elasticity/20260916_194317_elasticity_Transolver_train,base,200,200,4,4,1
elasticity,/home/hwz/Transolver/LINEARNO/monitor/analysis/transolver_monitor_output_20260917_074049/LINEARNO/monitor/output/elasticity/20260916_194317_elasticity_Transolver_train,base,200,200,4,5,0.5309642814
elasticity,/home/hwz/Transolver/LINEARNO/monitor/analysis/transolver_monitor_output_20260917_074049/LINEARNO/monitor/output/elasticity/20260916_194317_elasticity_Transolver_train,base,200,200,4,6,0.5057355687
elasticity,/home/hwz/Transolver/LINEARNO/monitor/analysis/transolver_monitor_output_20260917_074049/LINEARNO/monitor/output/elasticity/20260916_194317_elasticity_Transolver_train,base,200,200,4,7,0.4470090168
elasticity,/home/hwz/Transolver/LINEARNO/monitor/analysis/transolver_monitor_output_20260917_074049/LINEARNO/monitor/output/elasticity/20260916_194317_elasticity_Transolver_train,base,200,200,4,8,0.4470086787
elasticity,/home/hwz/Transolver/LINEARNO/monitor/analysis/transolver_monitor_output_20260917_074049/LINEARNO/monitor/output/elasticity/20260916_194317_elasticity_Transolver_train,base,200,200,5,1,0.510459369
elasticity,/home/hwz/Transolver/LINEARNO/monitor/analysis/transolver_monitor_output_20260917_074049/LINEARNO/monitor/output/elasticity/20260916_194317_elasticity_Transolver_train,base,200,200,5,2,0.5397004429
elasticity,/home/hwz/Transolver/LINEARNO/monitor/analysis/transolver_monitor_output_20260917_074049/LINEARNO/monitor/output/elasticity/20260916_194317_elasticity_Transolver_train,base,200,200,5,3,0.6419235487
elasticity,/home/hwz/Transolver/LINEARNO/monitor/analysis/transolver_monitor_output_20260917_074049/LINEARNO/monitor/output/elasticity/20260916_194317_elasticity_Transolver_train,base,200,200,5,4,0.5309642814
elasticity,/home/hwz/Transolver/LINEARNO/monitor/analysis/transolver_monitor_output_20260917_074049/LINEARNO/monitor/output/elasticity/20260916_194317_elasticity_Transolver_train,base,200,200,5,5,1
elasticity,/home/hwz/Transolver/LINEARNO/monitor/analysis/transolver_monitor_output_20260917_074049/LINEARNO/monitor/output/elasticity/20260916_194317_elasticity_Transolver_train,base,200,200,5,6,0.5455628708
elasticity,/home/hwz/Transolver/LINEARNO/monitor/analysis/transolver_monitor_output_20260917_074049/LINEARNO/monitor/output/elasticity/20260916_194317_elasticity_Transolver_train,base,200,200,5,7,0.5101304697
elasticity,/home/hwz/Transolver/LINEARNO/monitor/analysis/transolver_monitor_output_20260917_074049/LINEARNO/monitor/output/elasticity/20260916_194317_elasticity_Transolver_train,base,200,200,5,8,0.5101301121
elasticity,/home/hwz/Transolver/LINEARNO/monitor/analysis/transolver_monitor_output_20260917_074049/LINEARNO/monitor/output/elasticity/20260916_194317_elasticity_Transolver_train,base,200,200,6,1,0.6569561232
elasticity,/home/hwz/Transolver/LINEARNO/monitor/analysis/transolver_monitor_output_20260917_074049/LINEARNO/monitor/output/elasticity/20260916_194317_elasticity_Transolver_train,base,200,200,6,2,0.4695870942
elasticity,/home/hwz/Transolver/LINEARNO/monitor/analysis/transolver_monitor_output_20260917_074049/LINEARNO/monitor/output/elasticity/20260916_194317_elasticity_Transolver_train,base,200,200,6,3,0.5743475659
elasticity,/home/hwz/Transolver/LINEARNO/monitor/analysis/transolver_monitor_output_20260917_074049/LINEARNO/monitor/output/elasticity/20260916_194317_elasticity_Transolver_train,base,200,200,6,4,0.5057355687
elasticity,/home/hwz/Transolver/LINEARNO/monitor/analysis/transolver_monitor_output_20260917_074049/LINEARNO/monitor/output/elasticity/20260916_194317_elasticity_Transolver_train,base,200,200,6,5,0.5455628708
elasticity,/home/hwz/Transolver/LINEARNO/monitor/analysis/transolver_monitor_output_20260917_074049/LINEARNO/monitor/output/elasticity/20260916_194317_elasticity_Transolver_train,base,200,200,6,6,1
elasticity,/home/hwz/Transolver/LINEARNO/monitor/analysis/transolver_monitor_output_20260917_074049/LINEARNO/monitor/output/elasticity/20260916_194317_elasticity_Transolver_train,base,200,200,6,7,0.6568175349
elasticity,/home/hwz/Transolver/LINEARNO/monitor/analysis/transolver_monitor_output_20260917_074049/LINEARNO/monitor/output/elasticity/20260916_194317_elasticity_Transolver_train,base,200,200,6,8,0.6568171009
elasticity,/home/hwz/Transolver/LINEARNO/monitor/analysis/transolver_monitor_output_20260917_074049/LINEARNO/monitor/output/elasticity/20260916_194317_elasticity_Transolver_train,base,200,200,7,1,1
elasticity,/home/hwz/Transolver/LINEARNO/monitor/analysis/transolver_monitor_output_20260917_074049/LINEARNO/monitor/output/elasticity/20260916_194317_elasticity_Transolver_train,base,200,200,7,2,0.4898517234
elasticity,/home/hwz/Transolver/LINEARNO/monitor/analysis/transolver_monitor_output_20260917_074049/LINEARNO/monitor/output/elasticity/20260916_194317_elasticity_Transolver_train,base,200,200,7,3,0.5503938617
elasticity,/home/hwz/Transolver/LINEARNO/monitor/analysis/transolver_monitor_output_20260917_074049/LINEARNO/monitor/output/elasticity/20260916_194317_elasticity_Transolver_train,base,200,200,7,4,0.4470090168
elasticity,/home/hwz/Transolver/LINEARNO/monitor/analysis/transolver_monitor_output_20260917_074049/LINEARNO/monitor/output/elasticity/20260916_194317_elasticity_Transolver_train,base,200,200,7,5,0.5101304697
elasticity,/home/hwz/Transolver/LINEARNO/monitor/analysis/transolver_monitor_output_20260917_074049/LINEARNO/monitor/output/elasticity/20260916_194317_elasticity_Transolver_train,base,200,200,7,6,0.6568175349
elasticity,/home/hwz/Transolver/LINEARNO/monitor/analysis/transolver_monitor_output_20260917_074049/LINEARNO/monitor/output/elasticity/20260916_194317_elasticity_Transolver_train,base,200,200,7,7,1
elasticity,/home/hwz/Transolver/LINEARNO/monitor/analysis/transolver_monitor_output_20260917_074049/LINEARNO/monitor/output/elasticity/20260916_194317_elasticity_Transolver_train,base,200,200,7,8,1
elasticity,/home/hwz/Transolver/LINEARNO/monitor/analysis/transolver_monitor_output_20260917_074049/LINEARNO/monitor/output/elasticity/20260916_194317_elasticity_Transolver_train,base,200,200,8,1,1
elasticity,/home/hwz/Transolver/LINEARNO/monitor/analysis/transolver_monitor_output_20260917_074049/LINEARNO/monitor/output/elasticity/20260916_194317_elasticity_Transolver_train,base,200,200,8,2,0.4898513071
elasticity,/home/hwz/Transolver/LINEARNO/monitor/analysis/transolver_monitor_output_20260917_074049/LINEARNO/monitor/output/elasticity/20260916_194317_elasticity_Transolver_train,base,200,200,8,3,0.5503934324
elasticity,/home/hwz/Transolver/LINEARNO/monitor/analysis/transolver_monitor_output_20260917_074049/LINEARNO/monitor/output/elasticity/20260916_194317_elasticity_Transolver_train,base,200,200,8,4,0.4470086787
elasticity,/home/hwz/Transolver/LINEARNO/monitor/analysis/transolver_monitor_output_20260917_074049/LINEARNO/monitor/output/elasticity/20260916_194317_elasticity_Transolver_train,base,200,200,8,5,0.5101301121
elasticity,/home/hwz/Transolver/LINEARNO/monitor/analysis/transolver_monitor_output_20260917_074049/LINEARNO/monitor/output/elasticity/20260916_194317_elasticity_Transolver_train,base,200,200,8,6,0.6568171009
elasticity,/home/hwz/Transolver/LINEARNO/monitor/analysis/transolver_monitor_output_20260917_074049/LINEARNO/monitor/output/elasticity/20260916_194317_elasticity_Transolver_train,base,200,200,8,7,1
elasticity,/home/hwz/Transolver/LINEARNO/monitor/analysis/transolver_monitor_output_20260917_074049/LINEARNO/monitor/output/elasticity/20260916_194317_elasticity_Transolver_train,base,200,200,8,8,1
