dataset,run_directory,validation_index,sample_count,base_mean,base_std_across_samples,full_mean,full_std_across_samples
darcy,/home/hwz/Transolver/LINEARNO/monitor/analysis/transolver_monitor_output_20260917_074049/LINEARNO/monitor/output/darcy/20260916_193756_darcy_UniPDE_train,1,4,1,0,0.9999947082,8.784566432e-07
darcy,/home/hwz/Transolver/LINEARNO/monitor/analysis/transolver_monitor_output_20260917_074049/LINEARNO/monitor/output/darcy/20260916_193756_darcy_UniPDE_train,50,4,0.7584281338,0.01221751835,0.6035345146,0.005684554717
darcy,/home/hwz/Transolver/LINEARNO/monitor/analysis/transolver_monitor_output_20260917_074049/LINEARNO/monitor/output/darcy/20260916_193756_darcy_UniPDE_train,100,4,0.6541587499,0.01496198185,0.4935785913,0.004005263853
darcy,/home/hwz/Transolver/LINEARNO/monitor/analysis/transolver_monitor_output_20260917_074049/LINEARNO/monitor/output/darcy/20260916_193756_darcy_UniPDE_train,150,4,0.6434864553,0.01225409794,0.5013373497,0.00386813891
darcy,/home/hwz/Transolver/LINEARNO/monitor/analysis/transolver_monitor_output_20260917_074049/LINEARNO/monitor/output/darcy/20260916_193756_darcy_UniPDE_train,200,4,0.6362607493,0.01339667183,0.5030127012,0.006919378562
darcy,/home/hwz/Transolver/LINEARNO/monitor/analysis/transolver_monitor_output_20260917_074049/LINEARNO/monitor/output/darcy/20260916_193756_darcy_UniPDE_train,250,4,0.6320740724,0.01156754639,0.5095327325,0.006197827715
darcy,/home/hwz/Transolver/LINEARNO/monitor/analysis/transolver_monitor_output_20260917_074049/LINEARNO/monitor/output/darcy/20260916_193756_darcy_UniPDE_train,300,4,0.6298571041,0.0112747767,0.5131322614,0.003970609249
darcy,/home/hwz/Transolver/LINEARNO/monitor/analysis/transolver_monitor_output_20260917_074049/LINEARNO/monitor/output/darcy/20260916_193756_darcy_UniPDE_train,350,4,0.6271046141,0.0115514291,0.5119881963,0.005369259895
darcy,/home/hwz/Transolver/LINEARNO/monitor/analysis/transolver_monitor_output_20260917_074049/LINEARNO/monitor/output/darcy/20260916_193756_darcy_UniPDE_train,400,4,0.6252359319,0.01118305159,0.5063826016,0.00424168741
darcy,/home/hwz/Transolver/LINEARNO/monitor/analysis/transolver_monitor_output_20260917_074049/LINEARNO/monitor/output/darcy/20260916_193756_darcy_UniPDE_train,450,4,0.6264669383,0.01116703496,0.5024404469,0.006033184053
darcy,/home/hwz/Transolver/LINEARNO/monitor/analysis/transolver_monitor_output_20260917_074049/LINEARNO/monitor/output/darcy/20260916_193756_darcy_UniPDE_train,500,4,0.6229101792,0.01003823396,0.5047009984,0.006101171523
elasticity,/home/hwz/Transolver/LINEARNO/monitor/analysis/transolver_monitor_output_20260917_074049/LINEARNO/monitor/output/elasticity/20260916_194317_elasticity_Transolver_train,1,4,0.9464029277,0.0003052353348,0.9191867766,0.0007600336901
elasticity,/home/hwz/Transolver/LINEARNO/monitor/analysis/transolver_monitor_output_20260917_074049/LINEARNO/monitor/output/elasticity/20260916_194317_elasticity_Transolver_train,50,4,0.6047273086,0.003266188048,0.5146889887,0.003876610241
elasticity,/home/hwz/Transolver/LINEARNO/monitor/analysis/transolver_monitor_output_20260917_074049/LINEARNO/monitor/output/elasticity/20260916_194317_elasticity_Transolver_train,100,4,0.5915555559,0.002345729148,0.4895623414,0.006315504073
elasticity,/home/hwz/Transolver/LINEARNO/monitor/analysis/transolver_monitor_output_20260917_074049/LINEARNO/monitor/output/elasticity/20260916_194317_elasticity_Transolver_train,150,4,0.5941194734,0.002679838126,0.4766333084,0.004664509907
elasticity,/home/hwz/Transolver/LINEARNO/monitor/analysis/transolver_monitor_output_20260917_074049/LINEARNO/monitor/output/elasticity/20260916_194317_elasticity_Transolver_train,200,4,0.5922798782,0.002160886521,0.4683470074,0.005617001876
elasticity,/home/hwz/Transolver/LINEARNO/monitor/analysis/transolver_monitor_output_20260917_074049/LINEARNO/monitor/output/elasticity/20260916_194317_elasticity_Transolver_train,250,4,0.5935749252,0.002075370431,0.4946645735,0.006071207304
elasticity,/home/hwz/Transolver/LINEARNO/monitor/analysis/transolver_monitor_output_20260917_074049/LINEARNO/monitor/output/elasticity/20260916_194317_elasticity_Transolver_train,300,4,0.5956363897,0.002532641552,0.479176937,0.009130759337
elasticity,/home/hwz/Transolver/LINEARNO/monitor/analysis/transolver_monitor_output_20260917_074049/LINEARNO/monitor/output/elasticity/20260916_194317_elasticity_Transolver_train,350,4,0.5932077669,0.00208244214,0.4763236694,0.009642101421
elasticity,/home/hwz/Transolver/LINEARNO/monitor/analysis/transolver_monitor_output_20260917_074049/LINEARNO/monitor/output/elasticity/20260916_194317_elasticity_Transolver_train,400,4,0.593820786,0.001925581612,0.4692926562,0.005309238348
elasticity,/home/hwz/Transolver/LINEARNO/monitor/analysis/transolver_monitor_output_20260917_074049/LINEARNO/monitor/output/elasticity/20260916_194317_elasticity_Transolver_train,450,4,0.5937639613,0.001978840557,0.4766789872,0.007421476676
elasticity,/home/hwz/Transolver/LINEARNO/monitor/analysis/transolver_monitor_output_20260917_074049/LINEARNO/monitor/output/elasticity/20260916_194317_elasticity_Transolver_train,500,4,0.593293266,0.001922733157,0.4789422033,0.009002398427
pipe,/home/hwz/Transolver/LINEARNO/monitor/analysis/transolver_monitor_output_20260917_074049/LINEARNO/monitor/output/pipe/20260916_194330_pipe_Transolver_train,1,4,0.9999699535,6.306218631e-06,0.9999754837,8.649452701e-06
pipe,/home/hwz/Transolver/LINEARNO/monitor/analysis/transolver_monitor_output_20260917_074049/LINEARNO/monitor/output/pipe/20260916_194330_pipe_Transolver_train,50,4,0.764899975,0.005179245597,0.450389382,0.0127791159
pipe,/home/hwz/Transolver/LINEARNO/monitor/analysis/transolver_monitor_output_20260917_074049/LINEARNO/monitor/output/pipe/20260916_194330_pipe_Transolver_train,100,4,0.6388774482,0.003293273554,0.3412754497,0.002646912656
pipe,/home/hwz/Transolver/LINEARNO/monitor/analysis/transolver_monitor_output_20260917_074049/LINEARNO/monitor/output/pipe/20260916_194330_pipe_Transolver_train,150,4,0.6233583953,0.001953345195,0.3106733415,0.006520834569
pipe,/home/hwz/Transolver/LINEARNO/monitor/analysis/transolver_monitor_output_20260917_074049/LINEARNO/monitor/output/pipe/20260916_194330_pipe_Transolver_train,200,4,0.6202096243,0.002061505056,0.2885196313,0.006571555905
pipe,/home/hwz/Transolver/LINEARNO/monitor/analysis/transolver_monitor_output_20260917_074049/LINEARNO/monitor/output/pipe/20260916_194330_pipe_Transolver_train,250,4,0.6253365364,0.00285423853,0.2729405089,0.002568422133
pipe,/home/hwz/Transolver/LINEARNO/monitor/analysis/transolver_monitor_output_20260917_074049/LINEARNO/monitor/output/pipe/20260916_194330_pipe_Transolver_train,300,4,0.6191966813,0.001764122938,0.2633975013,0.00108483682
pipe,/home/hwz/Transolver/LINEARNO/monitor/analysis/transolver_monitor_output_20260917_074049/LINEARNO/monitor/output/pipe/20260916_194330_pipe_Transolver_train,350,4,0.620211511,0.005532760676,0.2686162994,0.002286502768
pipe,/home/hwz/Transolver/LINEARNO/monitor/analysis/transolver_monitor_output_20260917_074049/LINEARNO/monitor/output/pipe/20260916_194330_pipe_Transolver_train,400,4,0.6346596491,0.005287582978,0.2692699338,0.004545390433
pipe,/home/hwz/Transolver/LINEARNO/monitor/analysis/transolver_monitor_output_20260917_074049/LINEARNO/monitor/output/pipe/20260916_194330_pipe_Transolver_train,450,4,0.6395167916,0.003691852311,0.2707306068,0.00326782002
pipe,/home/hwz/Transolver/LINEARNO/monitor/analysis/transolver_monitor_output_20260917_074049/LINEARNO/monitor/output/pipe/20260916_194330_pipe_Transolver_train,500,4,0.6172416253,0.001590453709,0.2636937182,0.002217476271
standard_airfoil,/home/hwz/Transolver/LINEARNO/monitor/analysis/transolver_monitor_output_20260917_074049/LINEARNO/monitor/output/standard_airfoil/20260916_193631_standard_airfoil_Transolver_train,1,4,0.9999347276,2.908636273e-07,0.9999633632,6.949044118e-08
standard_airfoil,/home/hwz/Transolver/LINEARNO/monitor/analysis/transolver_monitor_output_20260917_074049/LINEARNO/monitor/output/standard_airfoil/20260916_193631_standard_airfoil_Transolver_train,50,4,0.8216363681,0.00135871657,0.7541726056,0.007592143403
standard_airfoil,/home/hwz/Transolver/LINEARNO/monitor/analysis/transolver_monitor_output_20260917_074049/LINEARNO/monitor/output/standard_airfoil/20260916_193631_standard_airfoil_Transolver_train,100,4,0.6726180313,0.001658186284,0.542515569,0.006503930518
standard_airfoil,/home/hwz/Transolver/LINEARNO/monitor/analysis/transolver_monitor_output_20260917_074049/LINEARNO/monitor/output/standard_airfoil/20260916_193631_standard_airfoil_Transolver_train,150,4,0.5317602569,0.005278949594,0.3529566569,0.005692099194
standard_airfoil,/home/hwz/Transolver/LINEARNO/monitor/analysis/transolver_monitor_output_20260917_074049/LINEARNO/monitor/output/standard_airfoil/20260916_193631_standard_airfoil_Transolver_train,200,4,0.5015368881,0.002521154244,0.3333044226,0.003839643541
standard_airfoil,/home/hwz/Transolver/LINEARNO/monitor/analysis/transolver_monitor_output_20260917_074049/LINEARNO/monitor/output/standard_airfoil/20260916_193631_standard_airfoil_Transolver_train,250,4,0.4940367185,0.00457464411,0.3114118285,0.001537713755
standard_airfoil,/home/hwz/Transolver/LINEARNO/monitor/analysis/transolver_monitor_output_20260917_074049/LINEARNO/monitor/output/standard_airfoil/20260916_193631_standard_airfoil_Transolver_train,300,4,0.4865676708,0.003818328042,0.2968060053,0.002374933959
standard_airfoil,/home/hwz/Transolver/LINEARNO/monitor/analysis/transolver_monitor_output_20260917_074049/LINEARNO/monitor/output/standard_airfoil/20260916_193631_standard_airfoil_Transolver_train,350,4,0.4823169155,0.001295220353,0.2978310869,0.004039224001
standard_airfoil,/home/hwz/Transolver/LINEARNO/monitor/analysis/transolver_monitor_output_20260917_074049/LINEARNO/monitor/output/standard_airfoil/20260916_193631_standard_airfoil_Transolver_train,400,4,0.4728785164,0.004676618514,0.2885544501,0.004096940184
standard_airfoil,/home/hwz/Transolver/LINEARNO/monitor/analysis/transolver_monitor_output_20260917_074049/LINEARNO/monitor/output/standard_airfoil/20260916_193631_standard_airfoil_Transolver_train,450,4,0.4722930318,0.005890949594,0.2778274882,0.004599395453
standard_airfoil,/home/hwz/Transolver/LINEARNO/monitor/analysis/transolver_monitor_output_20260917_074049/LINEARNO/monitor/output/standard_airfoil/20260916_193631_standard_airfoil_Transolver_train,500,4,0.4780884476,0.008435431679,0.2777090412,0.00482853201
